2026-09-05 21:30:23 [INFO] ============================================================
2026-09-05 21:30:23 [INFO] Auto Patcher v4.3 mulai
2026-09-05 21:30:23 [INFO] ▶️  Memproses js/pages/market.js ...
2026-09-05 21:30:23 [DEBUG] Anchor original (100 char): /* ─── State ─── /...
2026-09-05 21:30:23 [DEBUG] Anchor normalized: /* ─── State ─── /...
2026-09-05 21:30:23 [DEBUG] Anchor fingerprint (first 20): [0, 0, 0, 0, 0, 5, 0, 0, 0, 0] ... (total 10 tokens)
2026-09-05 21:30:23 [DEBUG] Window start 1, score=0.60
2026-09-05 21:30:23 [DEBUG] Window start 2, score=0.69
2026-09-05 21:30:23 [DEBUG] Window start 3, score=0.58
2026-09-05 21:30:23 [DEBUG] Window start 4, score=0.69
2026-09-05 21:30:23 [DEBUG] Window start 5, score=0.60
2026-09-05 21:30:23 [DEBUG] Window start 6, score=0.53
2026-09-05 21:30:23 [DEBUG] Window start 34, score=0.60
2026-09-05 21:30:23 [DEBUG] Window start 36, score=0.55
2026-09-05 21:30:23 [DEBUG] Window start 45, score=0.60
2026-09-05 21:30:23 [DEBUG] Window start 47, score=0.67
2026-09-05 21:30:23 [DEBUG] Window start 48, score=0.60
2026-09-05 21:30:23 [DEBUG] Window start 50, score=0.62
2026-09-05 21:30:23 [DEBUG] Window start 56, score=0.60
2026-09-05 21:30:23 [DEBUG] Window start 58, score=0.67
2026-09-05 21:30:23 [DEBUG] Window start 61, score=0.62
2026-09-05 21:30:23 [DEBUG] Window start 75, score=0.65
2026-09-05 21:30:23 [DEBUG] Window start 76, score=0.74
2026-09-05 21:30:23 [DEBUG] Window start 91, score=0.62
2026-09-05 21:30:23 [DEBUG] Window start 92, score=0.54
2026-09-05 21:30:23 [DEBUG] Window start 116, score=0.56
2026-09-05 21:30:23 [DEBUG] Window start 120, score=0.62
2026-09-05 21:30:23 [DEBUG] Window start 138, score=0.51
2026-09-05 21:30:23 [DEBUG] Window start 151, score=0.65
2026-09-05 21:30:23 [DEBUG] Window start 159, score=0.62
2026-09-05 21:30:23 [DEBUG] Window start 174, score=0.62
2026-09-05 21:30:23 [DEBUG] Window start 179, score=0.67
2026-09-05 21:30:23 [DEBUG] Window start 188, score=0.67
2026-09-05 21:30:23 [DEBUG] Window start 221, score=0.51
2026-09-05 21:30:23 [DEBUG] Window start 222, score=0.53
2026-09-05 21:30:23 [DEBUG] Window start 223, score=0.59
2026-09-05 21:30:23 [DEBUG] Window start 239, score=0.55
2026-09-05 21:30:23 [DEBUG] Window start 240, score=0.75
2026-09-05 21:30:23 [DEBUG] Window start 243, score=0.55
2026-09-05 21:30:23 [DEBUG] Window start 244, score=0.75
2026-09-05 21:30:23 [DEBUG] Window start 247, score=0.58
2026-09-05 21:30:23 [DEBUG] Window start 248, score=0.75
2026-09-05 21:30:23 [DEBUG] Window start 261, score=0.62
2026-09-05 21:30:23 [DEBUG] Window start 264, score=0.64
2026-09-05 21:30:23 [DEBUG] Window start 265, score=0.64
2026-09-05 21:30:23 [DEBUG] Window start 280, score=0.53
2026-09-05 21:30:23 [DEBUG] Window start 294, score=0.53
2026-09-05 21:30:23 [DEBUG] Window start 297, score=0.62
2026-09-05 21:30:23 [DEBUG] Window start 299, score=0.65
2026-09-05 21:30:23 [DEBUG] Window start 307, score=0.64
2026-09-05 21:30:23 [DEBUG] Window start 312, score=0.55
2026-09-05 21:30:23 [DEBUG] Window start 316, score=0.55
2026-09-05 21:30:23 [DEBUG] Window start 320, score=0.70
2026-09-05 21:30:23 [DEBUG] Window start 321, score=0.62
2026-09-05 21:30:23 [DEBUG] Window start 331, score=0.51
2026-09-05 21:30:23 [DEBUG] Window start 335, score=0.67
2026-09-05 21:30:23 [DEBUG] Window start 346, score=0.53
2026-09-05 21:30:23 [DEBUG] Window start 348, score=0.57
2026-09-05 21:30:23 [DEBUG] Window start 349, score=0.57
2026-09-05 21:30:23 [DEBUG] Window start 365, score=0.53
2026-09-05 21:30:23 [DEBUG] Window start 370, score=0.63
2026-09-05 21:30:23 [ERROR] Skor tertinggi=0.00 (threshold=0.8)
2026-09-05 21:30:23 [ERROR] Top 5 skor:
2026-09-05 21:30:23 [ERROR]   #1: start=240, score=0.75 -> }))));...
2026-09-05 21:30:23 [ERROR]   #2: start=244, score=0.75 -> }))));...
2026-09-05 21:30:23 [ERROR]   #3: start=248, score=0.75 -> }))));...
2026-09-05 21:30:23 [ERROR]   #4: start=76, score=0.74 -> { from: 0, to: Infinity, color: '#00A86B' },...
2026-09-05 21:30:23 [ERROR]   #5: start=320, score=0.70 -> if (chart) state.charts.push(chart);...
2026-09-05 21:30:23 [WARNING] Fingerprint gagal: Anchor tidak ditemukan (skor tertinggi=0.00). Mencoba fuzzy...
2026-09-05 21:30:23 [DEBUG] Anchor original (100 char): /* ─── State ─── /...
2026-09-05 21:30:23 [DEBUG] Anchor normalized: /* ─── State ─── /...
2026-09-05 21:30:23 [DEBUG] Anchor fingerprint (first 20): [0, 0, 0, 0, 0, 5, 0, 0, 0, 0] ... (total 10 tokens)
2026-09-05 21:30:23 [DEBUG] Window start 1, score=0.60
2026-09-05 21:30:23 [DEBUG] Window start 2, score=0.69
2026-09-05 21:30:23 [DEBUG] Window start 3, score=0.58
2026-09-05 21:30:23 [DEBUG] Window start 4, score=0.69
2026-09-05 21:30:23 [DEBUG] Window start 5, score=0.60
2026-09-05 21:30:23 [DEBUG] Window start 6, score=0.53
2026-09-05 21:30:23 [DEBUG] Window start 34, score=0.60
2026-09-05 21:30:23 [DEBUG] Window start 36, score=0.55
2026-09-05 21:30:23 [DEBUG] Window start 45, score=0.60
2026-09-05 21:30:23 [DEBUG] Window start 47, score=0.67
2026-09-05 21:30:23 [DEBUG] Window start 48, score=0.60
2026-09-05 21:30:23 [DEBUG] Window start 50, score=0.62
2026-09-05 21:30:23 [DEBUG] Window start 56, score=0.60
2026-09-05 21:30:23 [DEBUG] Window start 58, score=0.67
2026-09-05 21:30:23 [DEBUG] Window start 61, score=0.62
2026-09-05 21:30:23 [DEBUG] Window start 75, score=0.65
2026-09-05 21:30:23 [DEBUG] Window start 76, score=0.74
2026-09-05 21:30:23 [DEBUG] Window start 91, score=0.62
2026-09-05 21:30:23 [DEBUG] Window start 92, score=0.54
2026-09-05 21:30:23 [DEBUG] Window start 116, score=0.56
2026-09-05 21:30:23 [DEBUG] Window start 120, score=0.62
2026-09-05 21:30:23 [DEBUG] Window start 138, score=0.51
2026-09-05 21:30:23 [DEBUG] Window start 151, score=0.65
2026-09-05 21:30:23 [DEBUG] Window start 159, score=0.62
2026-09-05 21:30:23 [DEBUG] Window start 174, score=0.62
2026-09-05 21:30:23 [DEBUG] Window start 179, score=0.67
2026-09-05 21:30:23 [DEBUG] Window start 188, score=0.67
2026-09-05 21:30:23 [DEBUG] Window start 221, score=0.51
2026-09-05 21:30:23 [DEBUG] Window start 222, score=0.53
2026-09-05 21:30:23 [DEBUG] Window start 223, score=0.59
2026-09-05 21:30:23 [DEBUG] Window start 239, score=0.55
2026-09-05 21:30:23 [DEBUG] Window start 240, score=0.75
2026-09-05 21:30:23 [DEBUG] Window start 243, score=0.55
2026-09-05 21:30:23 [DEBUG] Window start 244, score=0.75
2026-09-05 21:30:23 [DEBUG] Window start 247, score=0.58
2026-09-05 21:30:23 [DEBUG] Window start 248, score=0.75
2026-09-05 21:30:23 [DEBUG] Window start 261, score=0.62
2026-09-05 21:30:23 [DEBUG] Window start 264, score=0.64
2026-09-05 21:30:23 [DEBUG] Window start 265, score=0.64
2026-09-05 21:30:23 [DEBUG] Window start 280, score=0.53
2026-09-05 21:30:23 [DEBUG] Window start 294, score=0.53
2026-09-05 21:30:23 [DEBUG] Window start 297, score=0.62
2026-09-05 21:30:23 [DEBUG] Window start 299, score=0.65
2026-09-05 21:30:23 [DEBUG] Window start 307, score=0.64
2026-09-05 21:30:23 [DEBUG] Window start 312, score=0.55
2026-09-05 21:30:23 [DEBUG] Window start 316, score=0.55
2026-09-05 21:30:23 [DEBUG] Window start 320, score=0.70
2026-09-05 21:30:23 [DEBUG] Window start 321, score=0.62
2026-09-05 21:30:23 [DEBUG] Window start 331, score=0.51
2026-09-05 21:30:23 [DEBUG] Window start 335, score=0.67
2026-09-05 21:30:23 [DEBUG] Window start 346, score=0.53
2026-09-05 21:30:23 [DEBUG] Window start 348, score=0.57
2026-09-05 21:30:23 [DEBUG] Window start 349, score=0.57
2026-09-05 21:30:23 [DEBUG] Window start 365, score=0.53
2026-09-05 21:30:23 [DEBUG] Window start 370, score=0.63
2026-09-05 21:30:23 [ERROR] Skor tertinggi=0.00 (threshold=0.8)
2026-09-05 21:30:23 [ERROR] Top 5 skor:
2026-09-05 21:30:23 [ERROR]   #1: start=240, score=0.75 -> }))));...
2026-09-05 21:30:23 [ERROR]   #2: start=244, score=0.75 -> }))));...
2026-09-05 21:30:23 [ERROR]   #3: start=248, score=0.75 -> }))));...
2026-09-05 21:30:23 [ERROR]   #4: start=76, score=0.74 -> { from: 0, to: Infinity, color: '#00A86B' },...
2026-09-05 21:30:23 [ERROR]   #5: start=320, score=0.70 -> if (chart) state.charts.push(chart);...
2026-09-05 21:30:23 [WARNING] Fuzzy juga gagal. Mencoba literal...
2026-09-05 21:30:23 [DEBUG] Keyword fallback di baris 0-381
2026-09-05 21:30:23 [DEBUG] js/pages/market.js: anchor '/* ─── State ─── /...' → baris 0-381 (segmen 0-380)
2026-09-05 21:30:23 [DEBUG]    1: /* pages/market.js — Market Overview (Anti-Slop, ApexCharts) */
2026-09-05 21:30:23 [DEBUG]    2: import { $, on, createEl } from '../utils/dom.js';
2026-09-05 21:30:23 [DEBUG]    3: import { icons } from '../ui/icons.js';
2026-09-05 21:30:23 [DEBUG]    4: import Api from '../core/api.js';
2026-09-05 21:30:23 [DEBUG]    5: import { toast } from '../ui/toast.js';
2026-09-05 21:30:23 [DEBUG]    6: import { StockSectorBadge, sectorColor } from '../ui/stock-widgets.js';
2026-09-05 21:30:23 [DEBUG]    7: import { loadApexCharts, buildBaseOptions, renderChart, destroyChart, normalizeDate } from '../ui/chart.js';
2026-09-05 21:30:23 [DEBUG]    8: 
2026-09-05 21:30:23 [DEBUG]    9: /* ─── Helpers ─── */
2026-09-05 21:30:23 [DEBUG]    10: function fmtPrice(v) {
2026-09-05 21:30:23 [DEBUG]    11:   if (v == null) return '-';
2026-09-05 21:30:23 [DEBUG]    12:   return new Intl.NumberFormat('id-ID', { maximumFractionDigits: 0 }).format(v);
2026-09-05 21:30:23 [DEBUG]    13: }
2026-09-05 21:30:23 [DEBUG]    14: 
2026-09-05 21:30:23 [DEBUG]    15: function fmtS(v) {
2026-09-05 21:30:23 [DEBUG]    16:   if (v == null) return '-';
2026-09-05 21:30:23 [DEBUG]    17:   const n = Number(v), s = n < 0 ? '-' : '', a = Math.abs(n);
2026-09-05 21:30:23 [DEBUG]    18:   if (a >= 1e12) return s + (a / 1e12).toFixed(1) + 'T';
2026-09-05 21:30:23 [DEBUG]    19:   if (a >= 1e9) return s + (a / 1e9).toFixed(1) + 'B';
2026-09-05 21:30:23 [DEBUG]    20:   if (a >= 1e6) return s + (a / 1e6).toFixed(1) + 'M';
2026-09-05 21:30:23 [DEBUG]    21:   return s + a.toFixed(0);
2026-09-05 21:30:23 [DEBUG]    22: }
2026-09-05 21:30:23 [DEBUG]    23: 
2026-09-05 21:30:23 [DEBUG]    24: function compact(v) {
2026-09-05 21:30:23 [DEBUG]    25:   if (v == null) return '-';
2026-09-05 21:30:23 [DEBUG]    26:   const n = Number(v), s = n < 0 ? '-' : '', a = Math.abs(n);
2026-09-05 21:30:23 [DEBUG]    27:   if (a >= 1e12) return s + (a / 1e12).toFixed(1) + 'T';
2026-09-05 21:30:23 [DEBUG]    28:   if (a >= 1e9) return s + (a / 1e9).toFixed(1) + 'B';
2026-09-05 21:30:23 [DEBUG]    29:   if (a >= 1e6) return s + (a / 1e6).toFixed(1) + 'M';
2026-09-05 21:30:23 [DEBUG]    30:   return s + a.toFixed(0);
2026-09-05 21:30:23 [DEBUG]    31: }
2026-09-05 21:30:23 [DEBUG]    32: 
2026-09-05 21:30:23 [DEBUG]    33: function dateLabel(dateStr) {
2026-09-05 21:30:23 [DEBUG]    34:   const d = new Date(dateStr);
2026-09-05 21:30:23 [DEBUG]    35:   if (isNaN(d)) return dateStr;
2026-09-05 21:30:23 [DEBUG]    36:   const months = ['Jan', 'Feb', 'Mar', 'Apr', 'Mei', 'Jun', 'Jul', 'Agu', 'Sep', 'Okt', 'Nov', 'Des'];
2026-09-05 21:30:23 [DEBUG]    37:   return `${d.getDate()} ${months[d.getMonth()]}`;
2026-09-05 21:30:23 [DEBUG]    38: }
2026-09-05 21:30:23 [DEBUG]    39: 
2026-09-05 21:30:23 [DEBUG]    40: /* ─── ApexCharts helpers ─── */
2026-09-05 21:30:23 [DEBUG]    41: function toTs(dateStr) {
2026-09-05 21:30:23 [DEBUG]    42:   const d = new Date(normalizeDate(dateStr));
2026-09-05 21:30:23 [DEBUG]    43:   return isNaN(d) ? 0 : d.getTime();
2026-09-05 21:30:23 [DEBUG]    44: }
2026-09-05 21:30:23 [DEBUG]    45: 
2026-09-05 21:30:23 [DEBUG]    46: function buildLineChartApex(container, data, color) {
2026-09-05 21:30:23 [DEBUG]    47:   const opts = buildBaseOptions({ height: 210, type: 'line' });
2026-09-05 21:30:23 [DEBUG]    48:   opts.colors = [color];
2026-09-05 21:30:23 [DEBUG]    49:   opts.stroke.width = 2.5;
2026-09-05 21:30:23 [DEBUG]    50:   opts.series = [{
2026-09-05 21:30:23 [DEBUG]    51:     name: 'Value',
2026-09-05 21:30:23 [DEBUG]    52:     data: data.filter(d => d.date && d.close != null).map(d => ({ x: toTs(d.date), y: d.close })),
2026-09-05 21:30:23 [DEBUG]    53:   }];
2026-09-05 21:30:23 [DEBUG]    54:   return renderChart(container, opts);
2026-09-05 21:30:23 [DEBUG]    55: }
2026-09-05 21:30:23 [DEBUG]    56: 
2026-09-05 21:30:23 [DEBUG]    57: function buildBarChartApex(container, data, color) {
2026-09-05 21:30:23 [DEBUG]    58:   const opts = buildBaseOptions({ height: 200, type: 'bar' });
2026-09-05 21:30:23 [DEBUG]    59:   opts.colors = [color];
2026-09-05 21:30:23 [DEBUG]    60:   opts.plotOptions = { bar: { columnWidth: '60%', borderRadius: 2, borderRadiusApplication: 'end' } };
2026-09-05 21:30:23 [DEBUG]    61:   opts.series = [{
2026-09-05 21:30:23 [DEBUG]    62:     name: 'Value',
2026-09-05 21:30:23 [DEBUG]    63:     data: data.filter(d => d.date && d.value != null).map(d => ({ x: toTs(d.date), y: d.value })),
2026-09-05 21:30:23 [DEBUG]    64:   }];
2026-09-05 21:30:23 [DEBUG]    65:   return renderChart(container, opts);
2026-09-05 21:30:23 [DEBUG]    66: }
2026-09-05 21:30:23 [DEBUG]    67: 
2026-09-05 21:30:23 [DEBUG]    68: function buildForeignMarketChartApex(container, data) {
2026-09-05 21:30:23 [DEBUG]    69:   const opts = buildBaseOptions({ height: 210, type: 'bar' });
2026-09-05 21:30:23 [DEBUG]    70:   opts.plotOptions = {
2026-09-05 21:30:23 [DEBUG]    71:     bar: {
2026-09-05 21:30:23 [DEBUG]    72:       columnWidth: '55%',
2026-09-05 21:30:23 [DEBUG]    73:       borderRadius: 0,
2026-09-05 21:30:23 [DEBUG]    74:       colors: {
2026-09-05 21:30:23 [DEBUG]    75:         ranges: [
2026-09-05 21:30:23 [DEBUG]    76:           { from: -Infinity, to: -0.0001, color: '#D94B4B' },
2026-09-05 21:30:23 [DEBUG]    77:           { from: 0, to: Infinity, color: '#00A86B' },
2026-09-05 21:30:23 [DEBUG]    78:         ],
2026-09-05 21:30:23 [DEBUG]    79:       },
2026-09-05 21:30:23 [DEBUG]    80:     },
2026-09-05 21:30:23 [DEBUG]    81:   };
2026-09-05 21:30:23 [DEBUG]    82:   opts.series = [{
2026-09-05 21:30:23 [DEBUG]    83:     name: 'Net Foreign',
2026-09-05 21:30:23 [DEBUG]    84:     data: data.filter(d => d.date && d.net_foreign != null).map(d => ({ x: toTs(d.date), y: d.net_foreign })),
2026-09-05 21:30:23 [DEBUG]    85:   }];
2026-09-05 21:30:23 [DEBUG]    86:   opts.tooltip.y = { formatter: (v) => (v >= 0 ? '+' : '') + fmtS(v) };
2026-09-05 21:30:23 [DEBUG]    87:   return renderChart(container, opts);
2026-09-05 21:30:23 [DEBUG]    88: }
2026-09-05 21:30:23 [DEBUG]    89: 
2026-09-05 21:30:23 [DEBUG]    90: function buildEwiMciChartApex(container, ewiData, mciData) {
2026-09-05 21:30:23 [DEBUG]    91:   const opts = buildBaseOptions({ height: 270, type: 'line' });
2026-09-05 21:30:23 [DEBUG]    92:   opts.colors = ['#00A86B', '#F2B705'];
2026-09-05 21:30:23 [DEBUG]    93:   opts.stroke.width = [2.5, 2.5];
2026-09-05 21:30:23 [DEBUG]    94:   opts.series = [
2026-09-05 21:30:23 [DEBUG]    95:     {
2026-09-05 21:30:23 [DEBUG]    96:       name: 'EWI',
2026-09-05 21:30:23 [DEBUG]    97:       data: ewiData.filter(d => d.date && d.close != null).map(d => ({ x: toTs(d.date), y: d.close })),
2026-09-05 21:30:23 [DEBUG]    98:     },
2026-09-05 21:30:23 [DEBUG]    99:     {
2026-09-05 21:30:23 [DEBUG]    100:       name: 'MCI',
2026-09-05 21:30:23 [DEBUG]    101:       data: mciData.filter(d => d.date && d.close != null).map(d => ({ x: toTs(d.date), y: d.close })),
2026-09-05 21:30:23 [DEBUG]    102:     },
2026-09-05 21:30:23 [DEBUG]    103:   ];
2026-09-05 21:30:23 [DEBUG]    104:   return renderChart(container, opts);
2026-09-05 21:30:23 [DEBUG]    105: }
2026-09-05 21:30:23 [DEBUG]    106: 
2026-09-05 21:30:23 [DEBUG]    107: /* ─── State ─── */
2026-09-05 21:30:23 [DEBUG]    108: const state = {
2026-09-05 21:30:23 [DEBUG]    109:   days: 30, loading: false, data: null, charts: [],
2026-09-05 21:30:23 [DEBUG]    110: };
2026-09-05 21:30:23 [DEBUG]    111: 
2026-09-05 21:30:23 [DEBUG]    112: /* ─── API ─── */
2026-09-05 21:30:23 [DEBUG]    113: async function loadMarket() {
2026-09-05 21:30:23 [DEBUG]    114:   state.loading = true;
2026-09-05 21:30:23 [DEBUG]    115:   renderLoading();
2026-09-05 21:30:23 [DEBUG]    116:   try {
2026-09-05 21:30:23 [DEBUG]    117:     const res = await Api.get('/idx/market/summary', { days: state.days });
2026-09-05 21:30:23 [DEBUG]    118:     state.data = res?.data || res;
2026-09-05 21:30:23 [DEBUG]    119:     state.loading = false;
2026-09-05 21:30:23 [DEBUG]    120:     renderMarket();
2026-09-05 21:30:23 [DEBUG]    121:   } catch (e) {
2026-09-05 21:30:23 [DEBUG]    122:     state.loading = false;
2026-09-05 21:30:23 [DEBUG]    123:     toast('Gagal memuat data pasar: ' + (e.message || e), 'danger');
2026-09-05 21:30:23 [DEBUG]    124:     renderLoading();
2026-09-05 21:30:23 [DEBUG]    125:   }
2026-09-05 21:30:23 [DEBUG]    126: }
2026-09-05 21:30:23 [DEBUG]    127: 
2026-09-05 21:30:23 [DEBUG]    128: /* ─── DOM ─── */
2026-09-05 21:30:23 [DEBUG]    129: let rootEl = null;
2026-09-05 21:30:23 [DEBUG]    130: let refs = {};
2026-09-05 21:30:23 [DEBUG]    131: 
2026-09-05 21:30:23 [DEBUG]    132: function clearCharts() {
2026-09-05 21:30:23 [DEBUG]    133:   state.charts.forEach(c => destroyChart(c));
2026-09-05 21:30:23 [DEBUG]    134:   state.charts = [];
2026-09-05 21:30:23 [DEBUG]    135: }
2026-09-05 21:30:23 [DEBUG]    136: 
2026-09-05 21:30:23 [DEBUG]    137: /* ─── Render: Header ─── */
2026-09-05 21:30:23 [DEBUG]    138: function renderHeader() {
2026-09-05 21:30:23 [DEBUG]    139:   const header = createEl('div', { style: { marginBottom: 'var(--s-5)' } });
2026-09-05 21:30:23 [DEBUG]    140:   header.innerHTML = `
2026-09-05 21:30:23 [DEBUG]    141:     <div style="display:flex;align-items:center;justify-content:space-between;flex-wrap:wrap;gap:var(--s-3);">
2026-09-05 21:30:23 [DEBUG]    142:       <div>
2026-09-05 21:30:23 [DEBUG]    143:         <h1 style="font-size:var(--text-lg);font-weight:700;margin-bottom:var(--s-1);">Ringkasan Pasar</h1>
2026-09-05 21:30:23 [DEBUG]    144:         <p style="color:var(--c-text-2);font-size:var(--text-sm);">Analisis pasar saham Indonesia.</p>
2026-09-05 21:30:23 [DEBUG]    145:       </div>
2026-09-05 21:30:23 [DEBUG]    146:       <div style="display:flex;gap:var(--s-2);">
2026-09-05 21:30:23 [DEBUG]    147:         <button class="btn btn--secondary btn--sm" id="market-refresh" aria-label="Refresh">${icons['refresh']} <span>Refresh</span></button>
2026-09-05 21:30:23 [DEBUG]    148:         <a href="#/stocks" class="btn btn--ghost btn--sm">${icons['trending-up']} <span>Analisis</span></a>
2026-09-05 21:30:23 [DEBUG]    149:       </div>
2026-09-05 21:30:23 [DEBUG]    150:     </div>
2026-09-05 21:30:23 [DEBUG]    151:   `;
2026-09-05 21:30:23 [DEBUG]    152:   on(header.querySelector('#market-refresh'), 'click', loadMarket);
2026-09-05 21:30:23 [DEBUG]    153:   rootEl.appendChild(header);
2026-09-05 21:30:23 [DEBUG]    154: }
2026-09-05 21:30:23 [DEBUG]    155: 
2026-09-05 21:30:23 [DEBUG]    156: /* ─── Render: Loading ─── */
2026-09-05 21:30:23 [DEBUG]    157: function renderLoading() {
2026-09-05 21:30:23 [DEBUG]    158:   let el = refs.content;
2026-09-05 21:30:23 [DEBUG]    159:   if (!el) {
2026-09-05 21:30:23 [DEBUG]    160:     el = createEl('div', { class: 'market-page__content' });
2026-09-05 21:30:23 [DEBUG]    161:     refs.content = el;
2026-09-05 21:30:23 [DEBUG]    162:     rootEl.appendChild(el);
2026-09-05 21:30:23 [DEBUG]    163:   }
2026-09-05 21:30:23 [DEBUG]    164:   el.innerHTML = `<div class="card" style="padding:var(--s-6);text-align:center;">
2026-09-05 21:30:23 [DEBUG]    165:     <div class="spinner" style="width:32px;height:32px;border:3px solid var(--c-border);border-top-color:var(--c-primary);border-radius:50%;animation:spin 1s linear infinite;margin:0 auto var(--s-3);"></div>
2026-09-05 21:30:23 [DEBUG]    166:     <div style="font-size:var(--text-sm);color:var(--c-text-2);">Memuat data pasar...</div>
2026-09-05 21:30:23 [DEBUG]    167:   </div>`;
2026-09-05 21:30:23 [DEBUG]    168:   clearCharts();
2026-09-05 21:30:23 [DEBUG]    169: }
2026-09-05 21:30:23 [DEBUG]    170: 
2026-09-05 21:30:23 [DEBUG]    171: /* ─── Render: Market ─── */
2026-09-05 21:30:23 [DEBUG]    172: function renderMarket() {
2026-09-05 21:30:23 [DEBUG]    173:   let el = refs.content;
2026-09-05 21:30:23 [DEBUG]    174:   if (!el) {
2026-09-05 21:30:23 [DEBUG]    175:     el = createEl('div', { class: 'market-page__content' });
2026-09-05 21:30:23 [DEBUG]    176:     refs.content = el;
2026-09-05 21:30:23 [DEBUG]    177:     rootEl.appendChild(el);
2026-09-05 21:30:23 [DEBUG]    178:   }
2026-09-05 21:30:23 [DEBUG]    179: 
2026-09-05 21:30:23 [DEBUG]    180:   if (!state.data) {
2026-09-05 21:30:23 [DEBUG]    181:     el.innerHTML = `<div class="card" style="padding:var(--s-6);text-align:center;">
2026-09-05 21:30:23 [DEBUG]    182:       <div style="font-size:var(--text-sm);color:var(--c-text-3);">Data pasar tidak tersedia</div>
2026-09-05 21:30:23 [DEBUG]    183:     </div>`;
2026-09-05 21:30:23 [DEBUG]    184:     return;
2026-09-05 21:30:23 [DEBUG]    185:   }
2026-09-05 21:30:23 [DEBUG]    186: 
2026-09-05 21:30:23 [DEBUG]    187:   const d = state.data;
2026-09-05 21:30:23 [DEBUG]    188:   // Backend returns { period_days, radar: { data: [], summary: {} }, top_accumulation, top_distribution, top_domination }
2026-09-05 21:30:23 [DEBUG]    189:   const radar = d.radar || {};
2026-09-05 21:30:23 [DEBUG]    190:   const radarData = radar.data || [];
2026-09-05 21:30:23 [DEBUG]    191:   // Extract EWI & MCI series from radar data (each data point has ewi & mci fields when include_market_indexes=true)
2026-09-05 21:30:23 [DEBUG]    192:   const ewi = radarData.map(point => ({ date: point.date, close: point.ewi, change: point.change || 0 }));
2026-09-05 21:30:23 [DEBUG]    193:   const mci = radarData.map(point => ({ date: point.date, close: point.mci, change: point.change || 0 }));
2026-09-05 21:30:23 [DEBUG]    194:   const marketData = radarData;
2026-09-05 21:30:23 [DEBUG]    195:   const topAcc = d.top_accumulation || [];
2026-09-05 21:30:23 [DEBUG]    196:   const topDist = d.top_distribution || [];
2026-09-05 21:30:23 [DEBUG]    197:   const topDom = d.top_domination || [];
2026-09-05 21:30:23 [DEBUG]    198:   const radarSummary = radar.summary || {};
2026-09-05 21:30:23 [DEBUG]    199: 
2026-09-05 21:30:23 [DEBUG]    200:   el.innerHTML = '';
2026-09-05 21:30:23 [DEBUG]    201: 
2026-09-05 21:30:23 [DEBUG]    202:   // ── KPI Tiles ──
2026-09-05 21:30:23 [DEBUG]    203:   const kpiWrap = createEl('div', { style: { display: 'flex', gap: 'var(--s-2)', flexWrap: 'wrap', marginBottom: 'var(--s-5)' } });
2026-09-05 21:30:23 [DEBUG]    204:   const latestEwi = ewi.length ? ewi[ewi.length - 1] : null;
2026-09-05 21:30:23 [DEBUG]    205:   const latestMci = mci.length ? mci[mci.length - 1] : null;
2026-09-05 21:30:23 [DEBUG]    206:   const ewiChange = radarSummary.ewi_change_pct || 0;
2026-09-05 21:30:23 [DEBUG]    207:   const mciChange = 0;
2026-09-05 21:30:23 [DEBUG]    208: 
2026-09-05 21:30:23 [DEBUG]    209:   kpiWrap.innerHTML = `
2026-09-05 21:30:23 [DEBUG]    210:     ${kpiTile('EWI (IDX Energy Weighted)', latestEwi ? fmtPrice(latestEwi.close) : '-', ewiChange, '#00A86B')}
2026-09-05 21:30:23 [DEBUG]    211:     ${kpiTile('MCI (IDX Mining Composite)', latestMci ? fmtPrice(latestMci.close) : '-', mciChange, '#F2B705')}
2026-09-05 21:30:23 [DEBUG]    212:     ${kpiTile('Total Value', radarSummary.total_reg_value ? fmtS(radarSummary.total_reg_value) : '-', 0, '#F6903D')}
2026-09-05 21:30:23 [DEBUG]    213:     ${kpiTile('Total Volume', marketData.length ? fmtS(marketData.reduce((sum, p) => sum + (p.volume || 0), 0)) : '-', 0, '#6DC8EC')}
2026-09-05 21:30:23 [DEBUG]    214:     ${kpiTile('Foreign Net', radarSummary.total_net_foreign ? fmtS(radarSummary.total_net_foreign) : '-', radarSummary.total_net_foreign || 0, '#00A86B')}
2026-09-05 21:30:23 [DEBUG]    215:     ${kpiTile('Avg BII', marketData.length ? marketData[marketData.length - 1].bii_score.toFixed(1) : '-', 0, '#7B61FF')}
2026-09-05 21:30:23 [DEBUG]    216:   `;
2026-09-05 21:30:23 [DEBUG]    217:   el.appendChild(kpiWrap);
2026-09-05 21:30:23 [DEBUG]    218: 
2026-09-05 21:30:23 [DEBUG]    219:   // ── EWI vs MCI Chart ──
2026-09-05 21:30:23 [DEBUG]    220:   if (ewi.length && mci.length) {
2026-09-05 21:30:23 [DEBUG]    221:     const panel = chartPanel('EWI vs MCI', 'Indeks energi terhadap indeks pertambangan', [
2026-09-05 21:30:23 [DEBUG]    222:       { label: 'EWI', color: '#00A86B' }, { label: 'MCI', color: '#F2B705' }
2026-09-05 21:30:23 [DEBUG]    223:     ], 270);
2026-09-05 21:30:23 [DEBUG]    224:     el.appendChild(panel);
2026-09-05 21:30:23 [DEBUG]    225:   }
2026-09-05 21:30:23 [DEBUG]    226: 
2026-09-05 21:30:23 [DEBUG]    227:   // ── Market Charts ──
2026-09-05 21:30:23 [DEBUG]    228:   if (marketData.length) {
2026-09-05 21:30:23 [DEBUG]    229:     el.appendChild(chartPanel('Total Nilai Transaksi Pasar', 'Keseluruhan nilai transaksi harian', [{ label: 'Nilai', color: '#F6903D' }], 200));
2026-09-05 21:30:23 [DEBUG]    230:     el.appendChild(chartPanel('Frekuensi Transaksi Pasar', 'Jumlah transaksi harian', [{ label: 'Frekuensi', color: '#5B8FF9' }], 200));
2026-09-05 21:30:23 [DEBUG]    231:     el.appendChild(chartPanel('ATV Pasar', 'Ukuran transaksi rata-rata pasar', [{ label: 'ATV', color: '#9270CA' }], 200));
2026-09-05 21:30:23 [DEBUG]    232:     el.appendChild(chartPanel('Arus Dana Asing Pasar', 'Net foreign buy/sell keseluruhan pasar', [{ label: 'Beli', color: '#00A86B' }, { label: 'Jual', color: '#D94B4B' }], 210));
2026-09-05 21:30:23 [DEBUG]    233:     el.appendChild(chartPanel('BII Score Pasar', 'Skor akumulasi pasar', [{ label: 'BII', color: '#7B61FF' }], 210));
2026-09-05 21:30:23 [DEBUG]    234:     el.appendChild(chartPanel('Nilai Nego Pasar', 'Transaksi non-regular pasar', [{ label: 'Nego Value', color: '#F6C022' }], 200));
2026-09-05 21:30:23 [DEBUG]    235:     el.appendChild(chartPanel('Frekuensi Nego Pasar', 'Transaksi negosiasi pasar', [{ label: 'Nego Freq', color: '#90A4AE' }], 180));
2026-09-05 21:30:23 [DEBUG]    236:   }
2026-09-05 21:30:23 [DEBUG]    237: 
2026-09-05 21:30:23 [DEBUG]    238:   // ── Tables ──
2026-09-05 21:30:23 [DEBUG]    239:   if (topAcc.length) el.appendChild(buildTable('TOP ACCUMULATION', ['Ticker', 'Company', 'Net Foreign'], topAcc.map(r => ({
2026-09-05 21:30:23 [DEBUG]    240:     ticker: r.ticker, company: r.company_name, netForeign: r.net_flow_val
2026-09-05 21:30:23 [DEBUG]    241:   }))));
2026-09-05 21:30:23 [DEBUG]    242: 
2026-09-05 21:30:23 [DEBUG]    243:   if (topDist.length) el.appendChild(buildTable('TOP DISTRIBUTION', ['Ticker', 'Company', 'Net Foreign'], topDist.map(r => ({
2026-09-05 21:30:23 [DEBUG]    244:     ticker: r.ticker, company: r.company_name, netForeign: r.net_flow_val
2026-09-05 21:30:23 [DEBUG]    245:   }))));
2026-09-05 21:30:23 [DEBUG]    246: 
2026-09-05 21:30:23 [DEBUG]    247:   if (topDom.length) el.appendChild(buildTable('TOP 10 FOREIGN DOMINATION', ['Ticker', 'Company', 'Dom %'], topDom.map(r => ({
2026-09-05 21:30:23 [DEBUG]    248:     ticker: r.ticker, company: r.company_name, dom: r.dom_pct
2026-09-05 21:30:23 [DEBUG]    249:   }))));
2026-09-05 21:30:23 [DEBUG]    250: 
2026-09-05 21:30:23 [DEBUG]    251:   // Build market summary KPIs from radar summary
2026-09-05 21:30:23 [DEBUG]    252:   const summaryKpi = [];
2026-09-05 21:30:23 [DEBUG]    253:   if (radarSummary.total_reg_value != null) summaryKpi.push({ metric: 'Total Regular Value', value: fmtS(radarSummary.total_reg_value) });
2026-09-05 21:30:23 [DEBUG]    254:   if (radarSummary.total_nego_value != null) summaryKpi.push({ metric: 'Total Nego Value', value: fmtS(radarSummary.total_nego_value) });
2026-09-05 21:30:23 [DEBUG]    255:   if (radarSummary.total_net_foreign != null) summaryKpi.push({ metric: 'Total Net Foreign', value: fmtS(radarSummary.total_net_foreign) });
2026-09-05 21:30:23 [DEBUG]    256:   if (radarSummary.ewi_latest != null) summaryKpi.push({ metric: 'EWI Latest', value: fmtPrice(radarSummary.ewi_latest) });
2026-09-05 21:30:23 [DEBUG]    257:   if (radarSummary.mci_latest != null) summaryKpi.push({ metric: 'MCI Latest', value: fmtPrice(radarSummary.mci_latest) });
2026-09-05 21:30:23 [DEBUG]    258: 
2026-09-05 21:30:23 [DEBUG]    259:   if (summaryKpi.length) el.appendChild(buildTable('MARKET SUMMARY KPIs', ['Metric', 'Value'], summaryKpi));
2026-09-05 21:30:23 [DEBUG]    260: 
2026-09-05 21:30:23 [DEBUG]    261:   // Mount charts
2026-09-05 21:30:23 [DEBUG]    262:   requestAnimationFrame(() => mountMarketCharts(ewi, mci, marketData));
2026-09-05 21:30:23 [DEBUG]    263: }
2026-09-05 21:30:23 [DEBUG]    264: 
2026-09-05 21:30:23 [DEBUG]    265: function kpiTile(label, value, change, color) {
2026-09-05 21:30:23 [DEBUG]    266:   const chgSign = change >= 0 ? '+' : '';
2026-09-05 21:30:23 [DEBUG]    267:   const chgColor = change >= 0 ? 'var(--c-accent)' : 'var(--c-danger)';
2026-09-05 21:30:23 [DEBUG]    268:   return `<div style="flex:1 1 140px;min-width:140px;padding:var(--s-3);background:var(--c-surface);border:1px solid var(--c-border);border-radius:var(--radius);">
2026-09-05 21:30:23 [DEBUG]    269:     <div style="font-size:var(--text-xs);color:var(--c-text-3);margin-bottom:var(--s-1);">${label}</div>
2026-09-05 21:30:23 [DEBUG]    270:     <div style="font-size:var(--text-lg);font-weight:700;color:${color};">${value}</div>
2026-09-05 21:30:23 [DEBUG]    271:     ${change !== 0 ? `<div style="font-size:var(--text-xs);color:${chgColor};font-weight:500;">${chgSign}${Number(change).toFixed(1)}%</div>` : ''}
2026-09-05 21:30:23 [DEBUG]    272:   </div>`;
2026-09-05 21:30:23 [DEBUG]    273: }
2026-09-05 21:30:23 [DEBUG]    274: 
2026-09-05 21:30:23 [DEBUG]    275: function chartPanel(title, subtitle, legend, height) {
2026-09-05 21:30:23 [DEBUG]    276:   const panel = createEl('div', { class: 'market-page__chart-panel', style: { marginBottom: 'var(--s-6)' } });
2026-09-05 21:30:23 [DEBUG]    277:   const legendHtml = legend.map(l => `
2026-09-05 21:30:23 [DEBUG]    278:     <span style="display:inline-flex;align-items:center;gap:4px;font-size:var(--text-xs);color:var(--c-text-3);">
2026-09-05 21:30:23 [DEBUG]    279:       <span style="width:8px;height:8px;border-radius:50%;background:${l.color};display:inline-block;"></span>${l.label}
2026-09-05 21:30:23 [DEBUG]    280:     </span>
2026-09-05 21:30:23 [DEBUG]    281:   `).join('');
2026-09-05 21:30:23 [DEBUG]    282:   panel.innerHTML = `
2026-09-05 21:30:23 [DEBUG]    283:     <div style="display:flex;align-items:flex-start;justify-content:space-between;gap:var(--s-3);flex-wrap:wrap;margin-bottom:var(--s-3);">
2026-09-05 21:30:23 [DEBUG]    284:       <div><div style="font-size:var(--text-md);font-weight:700;">${title}</div>
2026-09-05 21:30:23 [DEBUG]    285:       <div style="font-size:var(--text-xs);color:var(--c-text-3);margin-top:2px;">${subtitle}</div></div>
2026-09-05 21:30:23 [DEBUG]    286:       <div style="display:flex;gap:var(--s-2);flex-wrap:wrap;">${legendHtml}</div>
2026-09-05 21:30:23 [DEBUG]    287:     </div>
2026-09-05 21:30:23 [DEBUG]    288:     <div class="market-page__chart" style="height:${height}px;width:100%;" data-chart-type="${title}"></div>
2026-09-05 21:30:23 [DEBUG]    289:   `;
2026-09-05 21:30:23 [DEBUG]    290:   return panel;
2026-09-05 21:30:23 [DEBUG]    291: }
2026-09-05 21:30:23 [DEBUG]    292: 
2026-09-05 21:30:23 [DEBUG]    293: async function mountMarketCharts(ewi, mci, marketData) {
2026-09-05 21:30:23 [DEBUG]    294:   clearCharts();
2026-09-05 21:30:23 [DEBUG]    295:   if (!marketData.length) return;
2026-09-05 21:30:23 [DEBUG]    296:   try {
2026-09-05 21:30:23 [DEBUG]    297:     await loadApexCharts();
2026-09-05 21:30:23 [DEBUG]    298:   } catch (e) {
2026-09-05 21:30:23 [DEBUG]    299:     console.error('[Market] Failed to load chart library:', e);
2026-09-05 21:30:23 [DEBUG]    300:     rootEl.querySelectorAll('.market-page__chart').forEach(c => {
2026-09-05 21:30:23 [DEBUG]    301:       c.innerHTML = `<div style="display:flex;align-items:center;justify-content:center;height:100%;color:var(--c-text-3);font-size:var(--text-sm);">
2026-09-05 21:30:23 [DEBUG]    302:         <span style="margin-right:var(--s-2);">${icons['alert-circle']}</span> Gagal memuat chart library
2026-09-05 21:30:23 [DEBUG]    303:       </div>`;
2026-09-05 21:30:23 [DEBUG]    304:     });
2026-09-05 21:30:23 [DEBUG]    305:     return;
2026-09-05 21:30:23 [DEBUG]    306:   }
2026-09-05 21:30:23 [DEBUG]    307: 
2026-09-05 21:30:23 [DEBUG]    308:   const containers = rootEl.querySelectorAll('.market-page__chart');
2026-09-05 21:30:23 [DEBUG]    309:   containers.forEach(container => {
2026-09-05 21:30:23 [DEBUG]    310:     const type = container.dataset.chartType;
2026-09-05 21:30:23 [DEBUG]    311:     let chart;
2026-09-05 21:30:23 [DEBUG]    312:     try {
2026-09-05 21:30:23 [DEBUG]    313:       if (type === 'EWI vs MCI') chart = buildEwiMciChartApex(container, ewi, mci);
2026-09-05 21:30:23 [DEBUG]    314:       else if (type === 'Total Nilai Transaksi Pasar') chart = buildBarChartApex(container, marketData.map(d => ({ date: d.date, value: d.value })), '#F6903D');
2026-09-05 21:30:23 [DEBUG]    315:       else if (type === 'Frekuensi Transaksi Pasar') chart = buildBarChartApex(container, marketData.map(d => ({ date: d.date, value: d.frequency })), '#5B8FF9');
2026-09-05 21:30:23 [DEBUG]    316:       else if (type === 'ATV Pasar') chart = buildBarChartApex(container, marketData.map(d => ({ date: d.date, value: d.atv })), '#9270CA');
2026-09-05 21:30:23 [DEBUG]    317:       else if (type === 'Arus Dana Asing Pasar') chart = buildForeignMarketChartApex(container, marketData);
2026-09-05 21:30:23 [DEBUG]    318:       else if (type === 'BII Score Pasar') chart = buildLineChartApex(container, marketData.map(d => ({ date: d.date, close: d.bii_score })), '#7B61FF');
2026-09-05 21:30:23 [DEBUG]    319:       else if (type === 'Nilai Nego Pasar') chart = buildBarChartApex(container, marketData.map(d => ({ date: d.date, value: d.non_reg_value })), '#F6C022');
2026-09-05 21:30:23 [DEBUG]    320:       else if (type === 'Frekuensi Nego Pasar') chart = buildBarChartApex(container, marketData.map(d => ({ date: d.date, value: d.non_reg_freq })), '#90A4AE');
2026-09-05 21:30:23 [DEBUG]    321:       if (chart) state.charts.push(chart);
2026-09-05 21:30:23 [DEBUG]    322:     } catch (e) {
2026-09-05 21:30:23 [DEBUG]    323:       console.error(`[Market] Chart "${type}" failed:`, e);
2026-09-05 21:30:23 [DEBUG]    324:       container.innerHTML = `<div style="display:flex;align-items:center;justify-content:center;height:100%;color:var(--c-text-3);font-size:var(--text-sm);">
2026-09-05 21:30:23 [DEBUG]    325:         <span style="margin-right:var(--s-2);">${icons['alert-circle']}</span> Chart error
2026-09-05 21:30:23 [DEBUG]    326:       </div>`;
2026-09-05 21:30:23 [DEBUG]    327:     }
2026-09-05 21:30:23 [DEBUG]    328:   });
2026-09-05 21:30:23 [DEBUG]    329: }
2026-09-05 21:30:23 [DEBUG]    330: 
2026-09-05 21:30:23 [DEBUG]    331: function buildTable(title, headers, rows) {
2026-09-05 21:30:23 [DEBUG]    332:   const wrap = createEl('div', { style: { marginBottom: 'var(--s-6)' } });
2026-09-05 21:30:23 [DEBUG]    333:   wrap.innerHTML = `
2026-09-05 21:30:23 [DEBUG]    334:     <div style="font-size:var(--text-md);font-weight:700;margin-bottom:var(--s-3);">${title}</div>
2026-09-05 21:30:23 [DEBUG]    335:     <div style="overflow-x:auto;">
2026-09-05 21:30:23 [DEBUG]    336:       <table class="table">
2026-09-05 21:30:23 [DEBUG]    337:         <thead><tr>${headers.map(h => `<th>${h}</th>`).join('')}</tr></thead>
2026-09-05 21:30:23 [DEBUG]    338:         <tbody>
2026-09-05 21:30:23 [DEBUG]    339:           ${rows.map(r => `<tr>
2026-09-05 21:30:23 [DEBUG]    340:             ${Object.values(r).map((v, i) => {
2026-09-05 21:30:23 [DEBUG]    341:               if (i === 0 && typeof v === 'string' && v.length <= 5) {
2026-09-05 21:30:23 [DEBUG]    342:                 return `<td style="font-weight:600;font-size:var(--text-sm);"><a href="#/stocks" style="color:var(--c-primary);" onclick="localStorage.setItem('stocks_initial_ticker','${v}')">${v}</a></td>`;
2026-09-05 21:30:23 [DEBUG]    343:               }
2026-09-05 21:30:23 [DEBUG]    344:               if (typeof v === 'number' && Math.abs(v) >= 1e6) return `<td style="font-size:var(--text-sm);">${fmtS(v)}</td>`;
2026-09-05 21:30:23 [DEBUG]    345:               if (typeof v === 'number') return `<td style="font-size:var(--text-sm);">${v.toFixed(1)}</td>`;
2026-09-05 21:30:23 [DEBUG]    346:               return `<td style="font-size:var(--text-sm);">${v || '-'}</td>`;
2026-09-05 21:30:23 [DEBUG]    347:             }).join('')}
2026-09-05 21:30:23 [DEBUG]    348:           </tr>`).join('')}
2026-09-05 21:30:23 [DEBUG]    349:         </tbody>
2026-09-05 21:30:23 [DEBUG]    350:       </table>
2026-09-05 21:30:23 [DEBUG]    351:     </div>
2026-09-05 21:30:23 [DEBUG]    352:   `;
2026-09-05 21:30:23 [DEBUG]    353:   return wrap;
2026-09-05 21:30:23 [DEBUG]    354: }
2026-09-05 21:30:23 [DEBUG]    355: 
2026-09-05 21:30:23 [DEBUG]    356: /* ─── Cleanup ─── */
2026-09-05 21:30:23 [DEBUG]    357: function cleanup() {
2026-09-05 21:30:23 [DEBUG]    358:   clearCharts();
2026-09-05 21:30:23 [DEBUG]    359:   rootEl = null; refs = {};
2026-09-05 21:30:23 [DEBUG]    360: }
2026-09-05 21:30:23 [DEBUG]    361: 
2026-09-05 21:30:23 [DEBUG]    362: /* ─── Export render ─── */
2026-09-05 21:30:23 [DEBUG]    363: export function render() {
2026-09-05 21:30:23 [DEBUG]    364:   state.days = 30; state.loading = false; state.data = null; state.charts = [];
2026-09-05 21:30:23 [DEBUG]    365:   rootEl = createEl('div', { class: 'market-page', style: { maxWidth: '900px', margin: '0 auto', padding: 'var(--s-4)' } });
2026-09-05 21:30:23 [DEBUG]    366:   refs = {};
2026-09-05 21:30:23 [DEBUG]    367: 
2026-09-05 21:30:23 [DEBUG]    368:   if (!document.getElementById('market-page-keyframes')) {
2026-09-05 21:30:23 [DEBUG]    369:     const style = createEl('style', { id: 'market-page-keyframes' });
2026-09-05 21:30:23 [DEBUG]    370:     style.textContent = `@keyframes spin { to { transform: rotate(360deg); } }`;
2026-09-05 21:30:23 [DEBUG]    371:     document.head.appendChild(style);
2026-09-05 21:30:23 [DEBUG]    372:   }
2026-09-05 21:30:23 [DEBUG]    373: 
2026-09-05 21:30:23 [DEBUG]    374:   renderHeader();
2026-09-05 21:30:23 [DEBUG]    375:   renderLoading();
2026-09-05 21:30:23 [DEBUG]    376:   loadMarket();
2026-09-05 21:30:23 [DEBUG]    377: 
2026-09-05 21:30:23 [DEBUG]    378:   rootEl._cleanup = cleanup;
2026-09-05 21:30:23 [DEBUG]    379:   return rootEl;
2026-09-05 21:30:23 [DEBUG]    380: }
2026-09-05 21:30:23 [DEBUG] Anchor original (100 char): const mciChange = 0;
  kpiWrap.innerHTML =  ...
2026-09-05 21:30:23 [DEBUG] Anchor normalized: const mciChange = 0; kpiWrap.innerHTML =...
2026-09-05 21:30:23 [DEBUG] Anchor fingerprint (first 20): [5, 9, 0, 1, 0, 7, 0, 9, 0] ... (total 9 tokens)
2026-09-05 21:30:23 [DEBUG] Window start 8, score=0.53
2026-09-05 21:30:23 [DEBUG] Window start 13, score=0.53
2026-09-05 21:30:23 [DEBUG] Window start 20, score=0.60
2026-09-05 21:30:23 [DEBUG] Window start 22, score=0.53
2026-09-05 21:30:23 [DEBUG] Window start 29, score=0.60
2026-09-05 21:30:23 [DEBUG] Window start 31, score=0.67
2026-09-05 21:30:23 [DEBUG] Window start 39, score=0.53
2026-09-05 21:30:23 [DEBUG] Window start 42, score=0.58
2026-09-05 21:30:23 [DEBUG] Window start 72, score=0.62
2026-09-05 21:30:23 [DEBUG] Window start 73, score=0.53
2026-09-05 21:30:23 [DEBUG] Window start 77, score=0.62
2026-09-05 21:30:23 [DEBUG] Window start 78, score=0.62
2026-09-05 21:30:23 [DEBUG] Window start 79, score=0.62
2026-09-05 21:30:23 [DEBUG] Window start 88, score=0.53
2026-09-05 21:30:23 [DEBUG] Window start 93, score=0.53
2026-09-05 21:30:23 [DEBUG] Window start 101, score=0.62
2026-09-05 21:30:23 [DEBUG] Window start 102, score=0.53
2026-09-05 21:30:23 [DEBUG] Window start 111, score=0.53
2026-09-05 21:30:23 [DEBUG] Window start 112, score=0.57
2026-09-05 21:30:23 [DEBUG] Window start 113, score=0.53
2026-09-05 21:30:23 [DEBUG] Window start 114, score=0.53
2026-09-05 21:30:23 [DEBUG] Window start 118, score=0.53
2026-09-05 21:30:23 [DEBUG] Window start 119, score=0.53
2026-09-05 21:30:23 [DEBUG] Window start 120, score=0.67
2026-09-05 21:30:23 [DEBUG] Window start 123, score=0.57
2026-09-05 21:30:23 [DEBUG] Window start 129, score=0.53
2026-09-05 21:30:23 [DEBUG] Window start 133, score=0.59
2026-09-05 21:30:23 [DEBUG] Window start 149, score=0.53
2026-09-05 21:30:23 [DEBUG] Window start 167, score=0.57
2026-09-05 21:30:23 [DEBUG] Window start 185, score=0.62
2026-09-05 21:30:23 [DEBUG] Window start 186, score=0.62
2026-09-05 21:30:23 [DEBUG] Window start 187, score=0.60
2026-09-05 21:30:23 [DEBUG] Window start 189, score=0.60
2026-09-05 21:30:23 [DEBUG] Window start 193, score=0.52
2026-09-05 21:30:23 [DEBUG] Window start 197, score=0.60
2026-09-05 21:30:23 [DEBUG] Window start 206, score=0.71
2026-09-05 21:30:23 [DEBUG] Window start 207, score=0.57
2026-09-05 21:30:23 [DEBUG] Window start 215, score=0.56
2026-09-05 21:30:23 [DEBUG] Window start 216, score=0.62
2026-09-05 21:30:23 [DEBUG] Window start 240, score=0.53
2026-09-05 21:30:23 [DEBUG] Window start 244, score=0.53
2026-09-05 21:30:23 [DEBUG] Window start 248, score=0.53
2026-09-05 21:30:23 [DEBUG] Window start 250, score=0.67
2026-09-05 21:30:23 [DEBUG] Window start 303, score=0.57
2026-09-05 21:30:23 [DEBUG] Window start 309, score=0.67
2026-09-05 21:30:23 [DEBUG] Window start 326, score=0.62
2026-09-05 21:30:23 [DEBUG] Window start 327, score=0.62
2026-09-05 21:30:23 [DEBUG] Window start 329, score=0.53
2026-09-05 21:30:23 [DEBUG] Window start 348, score=0.59
2026-09-05 21:30:23 [DEBUG] Window start 349, score=0.59
2026-09-05 21:30:23 [DEBUG] Window start 350, score=0.53
2026-09-05 21:30:23 [DEBUG] Window start 365, score=0.57
2026-09-05 21:30:23 [DEBUG] Window start 376, score=0.62
2026-09-05 21:30:23 [DEBUG] Window start 377, score=0.53
2026-09-05 21:30:23 [ERROR] Skor tertinggi=0.34 (threshold=0.8)
2026-09-05 21:30:23 [ERROR] Top 5 skor:
2026-09-05 21:30:23 [ERROR]   #1: start=206, score=0.71 -> const mciChange = 0;...
2026-09-05 21:30:23 [ERROR]   #2: start=31, score=0.67 -> function dateLabel(dateStr) {...
2026-09-05 21:30:23 [ERROR]   #3: start=120, score=0.67 -> } catch (e) { state.loading = false;...
2026-09-05 21:30:23 [ERROR]   #4: start=250, score=0.67 -> const summaryKpi = [];...
2026-09-05 21:30:23 [ERROR]   #5: start=309, score=0.67 -> const type = container.dataset.chartType; let chart;...
2026-09-05 21:30:23 [WARNING] Fingerprint gagal: Anchor tidak ditemukan (skor tertinggi=0.34). Mencoba fuzzy...
2026-09-05 21:30:23 [DEBUG] Anchor original (100 char): const mciChange = 0;
  kpiWrap.innerHTML =  ...
2026-09-05 21:30:23 [DEBUG] Anchor normalized: const mciChange = 0; kpiWrap.innerHTML =...
2026-09-05 21:30:23 [DEBUG] Anchor fingerprint (first 20): [5, 9, 0, 1, 0, 7, 0, 9, 0] ... (total 9 tokens)
2026-09-05 21:30:23 [DEBUG] Window start 8, score=0.53
2026-09-05 21:30:23 [DEBUG] Window start 13, score=0.53
2026-09-05 21:30:23 [DEBUG] Window start 20, score=0.60
2026-09-05 21:30:23 [DEBUG] Window start 22, score=0.53
2026-09-05 21:30:23 [DEBUG] Window start 29, score=0.60
2026-09-05 21:30:23 [DEBUG] Window start 31, score=0.67
2026-09-05 21:30:23 [DEBUG] Window start 39, score=0.53
2026-09-05 21:30:23 [DEBUG] Window start 42, score=0.58
2026-09-05 21:30:23 [DEBUG] Window start 72, score=0.62
2026-09-05 21:30:23 [DEBUG] Window start 73, score=0.53
2026-09-05 21:30:23 [DEBUG] Window start 77, score=0.62
2026-09-05 21:30:23 [DEBUG] Window start 78, score=0.62
2026-09-05 21:30:23 [DEBUG] Window start 79, score=0.62
2026-09-05 21:30:23 [DEBUG] Window start 88, score=0.53
2026-09-05 21:30:23 [DEBUG] Window start 93, score=0.53
2026-09-05 21:30:23 [DEBUG] Window start 101, score=0.62
2026-09-05 21:30:23 [DEBUG] Window start 102, score=0.53
2026-09-05 21:30:23 [DEBUG] Window start 111, score=0.53
2026-09-05 21:30:23 [DEBUG] Window start 112, score=0.57
2026-09-05 21:30:23 [DEBUG] Window start 113, score=0.53
2026-09-05 21:30:23 [DEBUG] Window start 114, score=0.53
2026-09-05 21:30:23 [DEBUG] Window start 118, score=0.53
2026-09-05 21:30:23 [DEBUG] Window start 119, score=0.53
2026-09-05 21:30:23 [DEBUG] Window start 120, score=0.67
2026-09-05 21:30:23 [DEBUG] Window start 123, score=0.57
2026-09-05 21:30:23 [DEBUG] Window start 129, score=0.53
2026-09-05 21:30:23 [DEBUG] Window start 133, score=0.59
2026-09-05 21:30:23 [DEBUG] Window start 149, score=0.53
2026-09-05 21:30:23 [DEBUG] Window start 167, score=0.57
2026-09-05 21:30:23 [DEBUG] Window start 185, score=0.62
2026-09-05 21:30:23 [DEBUG] Window start 186, score=0.62
2026-09-05 21:30:23 [DEBUG] Window start 187, score=0.60
2026-09-05 21:30:23 [DEBUG] Window start 189, score=0.60
2026-09-05 21:30:23 [DEBUG] Window start 193, score=0.52
2026-09-05 21:30:23 [DEBUG] Window start 197, score=0.60
2026-09-05 21:30:23 [DEBUG] Window start 206, score=0.71
2026-09-05 21:30:23 [DEBUG] Window start 207, score=0.57
2026-09-05 21:30:23 [DEBUG] Window start 215, score=0.56
2026-09-05 21:30:23 [DEBUG] Window start 216, score=0.62
2026-09-05 21:30:23 [DEBUG] Window start 240, score=0.53
2026-09-05 21:30:23 [DEBUG] Window start 244, score=0.53
2026-09-05 21:30:23 [DEBUG] Window start 248, score=0.53
2026-09-05 21:30:23 [DEBUG] Window start 250, score=0.67
2026-09-05 21:30:23 [DEBUG] Window start 303, score=0.57
2026-09-05 21:30:23 [DEBUG] Window start 309, score=0.67
2026-09-05 21:30:23 [DEBUG] Window start 326, score=0.62
2026-09-05 21:30:23 [DEBUG] Window start 327, score=0.62
2026-09-05 21:30:23 [DEBUG] Window start 329, score=0.53
2026-09-05 21:30:23 [DEBUG] Window start 348, score=0.59
2026-09-05 21:30:23 [DEBUG] Window start 349, score=0.59
2026-09-05 21:30:23 [DEBUG] Window start 350, score=0.53
2026-09-05 21:30:23 [DEBUG] Window start 365, score=0.57
2026-09-05 21:30:23 [DEBUG] Window start 376, score=0.62
2026-09-05 21:30:23 [DEBUG] Window start 377, score=0.53
2026-09-05 21:30:23 [ERROR] Skor tertinggi=0.34 (threshold=0.8)
2026-09-05 21:30:23 [ERROR] Top 5 skor:
2026-09-05 21:30:23 [ERROR]   #1: start=206, score=0.71 -> const mciChange = 0;...
2026-09-05 21:30:23 [ERROR]   #2: start=31, score=0.67 -> function dateLabel(dateStr) {...
2026-09-05 21:30:23 [ERROR]   #3: start=120, score=0.67 -> } catch (e) { state.loading = false;...
2026-09-05 21:30:23 [ERROR]   #4: start=250, score=0.67 -> const summaryKpi = [];...
2026-09-05 21:30:23 [ERROR]   #5: start=309, score=0.67 -> const type = container.dataset.chartType; let chart;...
2026-09-05 21:30:23 [WARNING] Fuzzy juga gagal. Mencoba literal...
2026-09-05 21:30:23 [DEBUG] Keyword fallback di baris 0-381
2026-09-05 21:30:23 [DEBUG] js/pages/market.js: anchor 'const mciChange = 0;
  kpiWrap.innerHTML =  ...' → baris 0-381 (segmen 0-380)
2026-09-05 21:30:23 [DEBUG]    1: /* pages/market.js — Market Overview (Anti-Slop, ApexCharts) */
2026-09-05 21:30:23 [DEBUG]    2: import { $, on, createEl } from '../utils/dom.js';
2026-09-05 21:30:23 [DEBUG]    3: import { icons } from '../ui/icons.js';
2026-09-05 21:30:23 [DEBUG]    4: import Api from '../core/api.js';
2026-09-05 21:30:23 [DEBUG]    5: import { toast } from '../ui/toast.js';
2026-09-05 21:30:23 [DEBUG]    6: import { StockSectorBadge, sectorColor } from '../ui/stock-widgets.js';
2026-09-05 21:30:23 [DEBUG]    7: import { loadApexCharts, buildBaseOptions, renderChart, destroyChart, normalizeDate } from '../ui/chart.js';
2026-09-05 21:30:23 [DEBUG]    8: 
2026-09-05 21:30:23 [DEBUG]    9: /* ─── Helpers ─── */
2026-09-05 21:30:23 [DEBUG]    10: function fmtPrice(v) {
2026-09-05 21:30:23 [DEBUG]    11:   if (v == null) return '-';
2026-09-05 21:30:23 [DEBUG]    12:   return new Intl.NumberFormat('id-ID', { maximumFractionDigits: 0 }).format(v);
2026-09-05 21:30:23 [DEBUG]    13: }
2026-09-05 21:30:23 [DEBUG]    14: 
2026-09-05 21:30:23 [DEBUG]    15: function fmtS(v) {
2026-09-05 21:30:23 [DEBUG]    16:   if (v == null) return '-';
2026-09-05 21:30:23 [DEBUG]    17:   const n = Number(v), s = n < 0 ? '-' : '', a = Math.abs(n);
2026-09-05 21:30:23 [DEBUG]    18:   if (a >= 1e12) return s + (a / 1e12).toFixed(1) + 'T';
2026-09-05 21:30:23 [DEBUG]    19:   if (a >= 1e9) return s + (a / 1e9).toFixed(1) + 'B';
2026-09-05 21:30:23 [DEBUG]    20:   if (a >= 1e6) return s + (a / 1e6).toFixed(1) + 'M';
2026-09-05 21:30:23 [DEBUG]    21:   return s + a.toFixed(0);
2026-09-05 21:30:23 [DEBUG]    22: }
2026-09-05 21:30:23 [DEBUG]    23: 
2026-09-05 21:30:23 [DEBUG]    24: function compact(v) {
2026-09-05 21:30:23 [DEBUG]    25:   if (v == null) return '-';
2026-09-05 21:30:23 [DEBUG]    26:   const n = Number(v), s = n < 0 ? '-' : '', a = Math.abs(n);
2026-09-05 21:30:23 [DEBUG]    27:   if (a >= 1e12) return s + (a / 1e12).toFixed(1) + 'T';
2026-09-05 21:30:23 [DEBUG]    28:   if (a >= 1e9) return s + (a / 1e9).toFixed(1) + 'B';
2026-09-05 21:30:23 [DEBUG]    29:   if (a >= 1e6) return s + (a / 1e6).toFixed(1) + 'M';
2026-09-05 21:30:23 [DEBUG]    30:   return s + a.toFixed(0);
2026-09-05 21:30:23 [DEBUG]    31: }
2026-09-05 21:30:23 [DEBUG]    32: 
2026-09-05 21:30:23 [DEBUG]    33: function dateLabel(dateStr) {
2026-09-05 21:30:23 [DEBUG]    34:   const d = new Date(dateStr);
2026-09-05 21:30:23 [DEBUG]    35:   if (isNaN(d)) return dateStr;
2026-09-05 21:30:23 [DEBUG]    36:   const months = ['Jan', 'Feb', 'Mar', 'Apr', 'Mei', 'Jun', 'Jul', 'Agu', 'Sep', 'Okt', 'Nov', 'Des'];
2026-09-05 21:30:23 [DEBUG]    37:   return `${d.getDate()} ${months[d.getMonth()]}`;
2026-09-05 21:30:23 [DEBUG]    38: }
2026-09-05 21:30:23 [DEBUG]    39: 
2026-09-05 21:30:23 [DEBUG]    40: /* ─── ApexCharts helpers ─── */
2026-09-05 21:30:23 [DEBUG]    41: function toTs(dateStr) {
2026-09-05 21:30:23 [DEBUG]    42:   const d = new Date(normalizeDate(dateStr));
2026-09-05 21:30:23 [DEBUG]    43:   return isNaN(d) ? 0 : d.getTime();
2026-09-05 21:30:23 [DEBUG]    44: }
2026-09-05 21:30:23 [DEBUG]    45: 
2026-09-05 21:30:23 [DEBUG]    46: function buildLineChartApex(container, data, color) {
2026-09-05 21:30:23 [DEBUG]    47:   const opts = buildBaseOptions({ height: 210, type: 'line' });
2026-09-05 21:30:23 [DEBUG]    48:   opts.colors = [color];
2026-09-05 21:30:23 [DEBUG]    49:   opts.stroke.width = 2.5;
2026-09-05 21:30:23 [DEBUG]    50:   opts.series = [{
2026-09-05 21:30:23 [DEBUG]    51:     name: 'Value',
2026-09-05 21:30:23 [DEBUG]    52:     data: data.filter(d => d.date && d.close != null).map(d => ({ x: toTs(d.date), y: d.close })),
2026-09-05 21:30:23 [DEBUG]    53:   }];
2026-09-05 21:30:23 [DEBUG]    54:   return renderChart(container, opts);
2026-09-05 21:30:23 [DEBUG]    55: }
2026-09-05 21:30:23 [DEBUG]    56: 
2026-09-05 21:30:23 [DEBUG]    57: function buildBarChartApex(container, data, color) {
2026-09-05 21:30:23 [DEBUG]    58:   const opts = buildBaseOptions({ height: 200, type: 'bar' });
2026-09-05 21:30:23 [DEBUG]    59:   opts.colors = [color];
2026-09-05 21:30:23 [DEBUG]    60:   opts.plotOptions = { bar: { columnWidth: '60%', borderRadius: 2, borderRadiusApplication: 'end' } };
2026-09-05 21:30:23 [DEBUG]    61:   opts.series = [{
2026-09-05 21:30:23 [DEBUG]    62:     name: 'Value',
2026-09-05 21:30:23 [DEBUG]    63:     data: data.filter(d => d.date && d.value != null).map(d => ({ x: toTs(d.date), y: d.value })),
2026-09-05 21:30:23 [DEBUG]    64:   }];
2026-09-05 21:30:23 [DEBUG]    65:   return renderChart(container, opts);
2026-09-05 21:30:23 [DEBUG]    66: }
2026-09-05 21:30:23 [DEBUG]    67: 
2026-09-05 21:30:23 [DEBUG]    68: function buildForeignMarketChartApex(container, data) {
2026-09-05 21:30:23 [DEBUG]    69:   const opts = buildBaseOptions({ height: 210, type: 'bar' });
2026-09-05 21:30:23 [DEBUG]    70:   opts.plotOptions = {
2026-09-05 21:30:23 [DEBUG]    71:     bar: {
2026-09-05 21:30:23 [DEBUG]    72:       columnWidth: '55%',
2026-09-05 21:30:23 [DEBUG]    73:       borderRadius: 0,
2026-09-05 21:30:23 [DEBUG]    74:       colors: {
2026-09-05 21:30:23 [DEBUG]    75:         ranges: [
2026-09-05 21:30:23 [DEBUG]    76:           { from: -Infinity, to: -0.0001, color: '#D94B4B' },
2026-09-05 21:30:23 [DEBUG]    77:           { from: 0, to: Infinity, color: '#00A86B' },
2026-09-05 21:30:23 [DEBUG]    78:         ],
2026-09-05 21:30:23 [DEBUG]    79:       },
2026-09-05 21:30:23 [DEBUG]    80:     },
2026-09-05 21:30:23 [DEBUG]    81:   };
2026-09-05 21:30:23 [DEBUG]    82:   opts.series = [{
2026-09-05 21:30:23 [DEBUG]    83:     name: 'Net Foreign',
2026-09-05 21:30:23 [DEBUG]    84:     data: data.filter(d => d.date && d.net_foreign != null).map(d => ({ x: toTs(d.date), y: d.net_foreign })),
2026-09-05 21:30:23 [DEBUG]    85:   }];
2026-09-05 21:30:23 [DEBUG]    86:   opts.tooltip.y = { formatter: (v) => (v >= 0 ? '+' : '') + fmtS(v) };
2026-09-05 21:30:23 [DEBUG]    87:   return renderChart(container, opts);
2026-09-05 21:30:23 [DEBUG]    88: }
2026-09-05 21:30:23 [DEBUG]    89: 
2026-09-05 21:30:23 [DEBUG]    90: function buildEwiMciChartApex(container, ewiData, mciData) {
2026-09-05 21:30:23 [DEBUG]    91:   const opts = buildBaseOptions({ height: 270, type: 'line' });
2026-09-05 21:30:23 [DEBUG]    92:   opts.colors = ['#00A86B', '#F2B705'];
2026-09-05 21:30:23 [DEBUG]    93:   opts.stroke.width = [2.5, 2.5];
2026-09-05 21:30:23 [DEBUG]    94:   opts.series = [
2026-09-05 21:30:23 [DEBUG]    95:     {
2026-09-05 21:30:23 [DEBUG]    96:       name: 'EWI',
2026-09-05 21:30:23 [DEBUG]    97:       data: ewiData.filter(d => d.date && d.close != null).map(d => ({ x: toTs(d.date), y: d.close })),
2026-09-05 21:30:23 [DEBUG]    98:     },
2026-09-05 21:30:23 [DEBUG]    99:     {
2026-09-05 21:30:23 [DEBUG]    100:       name: 'MCI',
2026-09-05 21:30:23 [DEBUG]    101:       data: mciData.filter(d => d.date && d.close != null).map(d => ({ x: toTs(d.date), y: d.close })),
2026-09-05 21:30:23 [DEBUG]    102:     },
2026-09-05 21:30:23 [DEBUG]    103:   ];
2026-09-05 21:30:23 [DEBUG]    104:   return renderChart(container, opts);
2026-09-05 21:30:23 [DEBUG]    105: }
2026-09-05 21:30:23 [DEBUG]    106: 
2026-09-05 21:30:23 [DEBUG]    107: /* ─── State ─── */
2026-09-05 21:30:23 [DEBUG]    108: const state = {
2026-09-05 21:30:23 [DEBUG]    109:   days: 30, loading: false, data: null, charts: [],
2026-09-05 21:30:23 [DEBUG]    110: };
2026-09-05 21:30:23 [DEBUG]    111: 
2026-09-05 21:30:23 [DEBUG]    112: /* ─── API ─── */
2026-09-05 21:30:23 [DEBUG]    113: async function loadMarket() {
2026-09-05 21:30:23 [DEBUG]    114:   state.loading = true;
2026-09-05 21:30:23 [DEBUG]    115:   renderLoading();
2026-09-05 21:30:23 [DEBUG]    116:   try {
2026-09-05 21:30:23 [DEBUG]    117:     const res = await Api.get('/idx/market/summary', { days: state.days });
2026-09-05 21:30:23 [DEBUG]    118:     state.data = res?.data || res;
2026-09-05 21:30:23 [DEBUG]    119:     state.loading = false;
2026-09-05 21:30:23 [DEBUG]    120:     renderMarket();
2026-09-05 21:30:23 [DEBUG]    121:   } catch (e) {
2026-09-05 21:30:23 [DEBUG]    122:     state.loading = false;
2026-09-05 21:30:23 [DEBUG]    123:     toast('Gagal memuat data pasar: ' + (e.message || e), 'danger');
2026-09-05 21:30:23 [DEBUG]    124:     renderLoading();
2026-09-05 21:30:23 [DEBUG]    125:   }
2026-09-05 21:30:23 [DEBUG]    126: }
2026-09-05 21:30:23 [DEBUG]    127: 
2026-09-05 21:30:23 [DEBUG]    128: /* ─── DOM ─── */
2026-09-05 21:30:23 [DEBUG]    129: let rootEl = null;
2026-09-05 21:30:23 [DEBUG]    130: let refs = {};
2026-09-05 21:30:23 [DEBUG]    131: 
2026-09-05 21:30:23 [DEBUG]    132: function clearCharts() {
2026-09-05 21:30:23 [DEBUG]    133:   state.charts.forEach(c => destroyChart(c));
2026-09-05 21:30:23 [DEBUG]    134:   state.charts = [];
2026-09-05 21:30:23 [DEBUG]    135: }
2026-09-05 21:30:23 [DEBUG]    136: 
2026-09-05 21:30:23 [DEBUG]    137: /* ─── Render: Header ─── */
2026-09-05 21:30:23 [DEBUG]    138: function renderHeader() {
2026-09-05 21:30:23 [DEBUG]    139:   const header = createEl('div', { style: { marginBottom: 'var(--s-5)' } });
2026-09-05 21:30:23 [DEBUG]    140:   header.innerHTML = `
2026-09-05 21:30:23 [DEBUG]    141:     <div style="display:flex;align-items:center;justify-content:space-between;flex-wrap:wrap;gap:var(--s-3);">
2026-09-05 21:30:23 [DEBUG]    142:       <div>
2026-09-05 21:30:23 [DEBUG]    143:         <h1 style="font-size:var(--text-lg);font-weight:700;margin-bottom:var(--s-1);">Ringkasan Pasar</h1>
2026-09-05 21:30:23 [DEBUG]    144:         <p style="color:var(--c-text-2);font-size:var(--text-sm);">Analisis pasar saham Indonesia.</p>
2026-09-05 21:30:23 [DEBUG]    145:       </div>
2026-09-05 21:30:23 [DEBUG]    146:       <div style="display:flex;gap:var(--s-2);">
2026-09-05 21:30:23 [DEBUG]    147:         <button class="btn btn--secondary btn--sm" id="market-refresh" aria-label="Refresh">${icons['refresh']} <span>Refresh</span></button>
2026-09-05 21:30:23 [DEBUG]    148:         <a href="#/stocks" class="btn btn--ghost btn--sm">${icons['trending-up']} <span>Analisis</span></a>
2026-09-05 21:30:23 [DEBUG]    149:       </div>
2026-09-05 21:30:23 [DEBUG]    150:     </div>
2026-09-05 21:30:23 [DEBUG]    151:   `;
2026-09-05 21:30:23 [DEBUG]    152:   on(header.querySelector('#market-refresh'), 'click', loadMarket);
2026-09-05 21:30:23 [DEBUG]    153:   rootEl.appendChild(header);
2026-09-05 21:30:23 [DEBUG]    154: }
2026-09-05 21:30:23 [DEBUG]    155: 
2026-09-05 21:30:23 [DEBUG]    156: /* ─── Render: Loading ─── */
2026-09-05 21:30:23 [DEBUG]    157: function renderLoading() {
2026-09-05 21:30:23 [DEBUG]    158:   let el = refs.content;
2026-09-05 21:30:23 [DEBUG]    159:   if (!el) {
2026-09-05 21:30:23 [DEBUG]    160:     el = createEl('div', { class: 'market-page__content' });
2026-09-05 21:30:23 [DEBUG]    161:     refs.content = el;
2026-09-05 21:30:23 [DEBUG]    162:     rootEl.appendChild(el);
2026-09-05 21:30:23 [DEBUG]    163:   }
2026-09-05 21:30:23 [DEBUG]    164:   el.innerHTML = `<div class="card" style="padding:var(--s-6);text-align:center;">
2026-09-05 21:30:23 [DEBUG]    165:     <div class="spinner" style="width:32px;height:32px;border:3px solid var(--c-border);border-top-color:var(--c-primary);border-radius:50%;animation:spin 1s linear infinite;margin:0 auto var(--s-3);"></div>
2026-09-05 21:30:23 [DEBUG]    166:     <div style="font-size:var(--text-sm);color:var(--c-text-2);">Memuat data pasar...</div>
2026-09-05 21:30:23 [DEBUG]    167:   </div>`;
2026-09-05 21:30:23 [DEBUG]    168:   clearCharts();
2026-09-05 21:30:23 [DEBUG]    169: }
2026-09-05 21:30:23 [DEBUG]    170: 
2026-09-05 21:30:23 [DEBUG]    171: /* ─── Render: Market ─── */
2026-09-05 21:30:23 [DEBUG]    172: function renderMarket() {
2026-09-05 21:30:23 [DEBUG]    173:   let el = refs.content;
2026-09-05 21:30:23 [DEBUG]    174:   if (!el) {
2026-09-05 21:30:23 [DEBUG]    175:     el = createEl('div', { class: 'market-page__content' });
2026-09-05 21:30:23 [DEBUG]    176:     refs.content = el;
2026-09-05 21:30:23 [DEBUG]    177:     rootEl.appendChild(el);
2026-09-05 21:30:23 [DEBUG]    178:   }
2026-09-05 21:30:23 [DEBUG]    179: 
2026-09-05 21:30:23 [DEBUG]    180:   if (!state.data) {
2026-09-05 21:30:23 [DEBUG]    181:     el.innerHTML = `<div class="card" style="padding:var(--s-6);text-align:center;">
2026-09-05 21:30:23 [DEBUG]    182:       <div style="font-size:var(--text-sm);color:var(--c-text-3);">Data pasar tidak tersedia</div>
2026-09-05 21:30:23 [DEBUG]    183:     </div>`;
2026-09-05 21:30:23 [DEBUG]    184:     return;
2026-09-05 21:30:23 [DEBUG]    185:   }
2026-09-05 21:30:23 [DEBUG]    186: 
2026-09-05 21:30:23 [DEBUG]    187:   const d = state.data;
2026-09-05 21:30:23 [DEBUG]    188:   // Backend returns { period_days, radar: { data: [], summary: {} }, top_accumulation, top_distribution, top_domination }
2026-09-05 21:30:23 [DEBUG]    189:   const radar = d.radar || {};
2026-09-05 21:30:23 [DEBUG]    190:   const radarData = radar.data || [];
2026-09-05 21:30:23 [DEBUG]    191:   // Extract EWI & MCI series from radar data (each data point has ewi & mci fields when include_market_indexes=true)
2026-09-05 21:30:23 [DEBUG]    192:   const ewi = radarData.map(point => ({ date: point.date, close: point.ewi, change: point.change || 0 }));
2026-09-05 21:30:23 [DEBUG]    193:   const mci = radarData.map(point => ({ date: point.date, close: point.mci, change: point.change || 0 }));
2026-09-05 21:30:23 [DEBUG]    194:   const marketData = radarData;
2026-09-05 21:30:23 [DEBUG]    195:   const topAcc = d.top_accumulation || [];
2026-09-05 21:30:23 [DEBUG]    196:   const topDist = d.top_distribution || [];
2026-09-05 21:30:23 [DEBUG]    197:   const topDom = d.top_domination || [];
2026-09-05 21:30:23 [DEBUG]    198:   const radarSummary = radar.summary || {};
2026-09-05 21:30:23 [DEBUG]    199: 
2026-09-05 21:30:23 [DEBUG]    200:   el.innerHTML = '';
2026-09-05 21:30:23 [DEBUG]    201: 
2026-09-05 21:30:23 [DEBUG]    202:   // ── KPI Tiles ──
2026-09-05 21:30:23 [DEBUG]    203:   const kpiWrap = createEl('div', { style: { display: 'flex', gap: 'var(--s-2)', flexWrap: 'wrap', marginBottom: 'var(--s-5)' } });
2026-09-05 21:30:23 [DEBUG]    204:   const latestEwi = ewi.length ? ewi[ewi.length - 1] : null;
2026-09-05 21:30:23 [DEBUG]    205:   const latestMci = mci.length ? mci[mci.length - 1] : null;
2026-09-05 21:30:23 [DEBUG]    206:   const ewiChange = radarSummary.ewi_change_pct || 0;
2026-09-05 21:30:23 [DEBUG]    207:   const mciChange = 0;
2026-09-05 21:30:23 [DEBUG]    208: 
2026-09-05 21:30:23 [DEBUG]    209:   kpiWrap.innerHTML = `
2026-09-05 21:30:23 [DEBUG]    210:     ${kpiTile('EWI (IDX Energy Weighted)', latestEwi ? fmtPrice(latestEwi.close) : '-', ewiChange, '#00A86B')}
2026-09-05 21:30:23 [DEBUG]    211:     ${kpiTile('MCI (IDX Mining Composite)', latestMci ? fmtPrice(latestMci.close) : '-', mciChange, '#F2B705')}
2026-09-05 21:30:23 [DEBUG]    212:     ${kpiTile('Total Value', radarSummary.total_reg_value ? fmtS(radarSummary.total_reg_value) : '-', 0, '#F6903D')}
2026-09-05 21:30:23 [DEBUG]    213:     ${kpiTile('Total Volume', marketData.length ? fmtS(marketData.reduce((sum, p) => sum + (p.volume || 0), 0)) : '-', 0, '#6DC8EC')}
2026-09-05 21:30:23 [DEBUG]    214:     ${kpiTile('Foreign Net', radarSummary.total_net_foreign ? fmtS(radarSummary.total_net_foreign) : '-', radarSummary.total_net_foreign || 0, '#00A86B')}
2026-09-05 21:30:23 [DEBUG]    215:     ${kpiTile('Avg BII', marketData.length ? marketData[marketData.length - 1].bii_score.toFixed(1) : '-', 0, '#7B61FF')}
2026-09-05 21:30:23 [DEBUG]    216:   `;
2026-09-05 21:30:23 [DEBUG]    217:   el.appendChild(kpiWrap);
2026-09-05 21:30:23 [DEBUG]    218: 
2026-09-05 21:30:23 [DEBUG]    219:   // ── EWI vs MCI Chart ──
2026-09-05 21:30:23 [DEBUG]    220:   if (ewi.length && mci.length) {
2026-09-05 21:30:23 [DEBUG]    221:     const panel = chartPanel('EWI vs MCI', 'Indeks energi terhadap indeks pertambangan', [
2026-09-05 21:30:23 [DEBUG]    222:       { label: 'EWI', color: '#00A86B' }, { label: 'MCI', color: '#F2B705' }
2026-09-05 21:30:23 [DEBUG]    223:     ], 270);
2026-09-05 21:30:23 [DEBUG]    224:     el.appendChild(panel);
2026-09-05 21:30:23 [DEBUG]    225:   }
2026-09-05 21:30:23 [DEBUG]    226: 
2026-09-05 21:30:23 [DEBUG]    227:   // ── Market Charts ──
2026-09-05 21:30:23 [DEBUG]    228:   if (marketData.length) {
2026-09-05 21:30:23 [DEBUG]    229:     el.appendChild(chartPanel('Total Nilai Transaksi Pasar', 'Keseluruhan nilai transaksi harian', [{ label: 'Nilai', color: '#F6903D' }], 200));
2026-09-05 21:30:23 [DEBUG]    230:     el.appendChild(chartPanel('Frekuensi Transaksi Pasar', 'Jumlah transaksi harian', [{ label: 'Frekuensi', color: '#5B8FF9' }], 200));
2026-09-05 21:30:23 [DEBUG]    231:     el.appendChild(chartPanel('ATV Pasar', 'Ukuran transaksi rata-rata pasar', [{ label: 'ATV', color: '#9270CA' }], 200));
2026-09-05 21:30:23 [DEBUG]    232:     el.appendChild(chartPanel('Arus Dana Asing Pasar', 'Net foreign buy/sell keseluruhan pasar', [{ label: 'Beli', color: '#00A86B' }, { label: 'Jual', color: '#D94B4B' }], 210));
2026-09-05 21:30:23 [DEBUG]    233:     el.appendChild(chartPanel('BII Score Pasar', 'Skor akumulasi pasar', [{ label: 'BII', color: '#7B61FF' }], 210));
2026-09-05 21:30:23 [DEBUG]    234:     el.appendChild(chartPanel('Nilai Nego Pasar', 'Transaksi non-regular pasar', [{ label: 'Nego Value', color: '#F6C022' }], 200));
2026-09-05 21:30:23 [DEBUG]    235:     el.appendChild(chartPanel('Frekuensi Nego Pasar', 'Transaksi negosiasi pasar', [{ label: 'Nego Freq', color: '#90A4AE' }], 180));
2026-09-05 21:30:23 [DEBUG]    236:   }
2026-09-05 21:30:23 [DEBUG]    237: 
2026-09-05 21:30:23 [DEBUG]    238:   // ── Tables ──
2026-09-05 21:30:23 [DEBUG]    239:   if (topAcc.length) el.appendChild(buildTable('TOP ACCUMULATION', ['Ticker', 'Company', 'Net Foreign'], topAcc.map(r => ({
2026-09-05 21:30:23 [DEBUG]    240:     ticker: r.ticker, company: r.company_name, netForeign: r.net_flow_val
2026-09-05 21:30:23 [DEBUG]    241:   }))));
2026-09-05 21:30:23 [DEBUG]    242: 
2026-09-05 21:30:23 [DEBUG]    243:   if (topDist.length) el.appendChild(buildTable('TOP DISTRIBUTION', ['Ticker', 'Company', 'Net Foreign'], topDist.map(r => ({
2026-09-05 21:30:23 [DEBUG]    244:     ticker: r.ticker, company: r.company_name, netForeign: r.net_flow_val
2026-09-05 21:30:23 [DEBUG]    245:   }))));
2026-09-05 21:30:23 [DEBUG]    246: 
2026-09-05 21:30:23 [DEBUG]    247:   if (topDom.length) el.appendChild(buildTable('TOP 10 FOREIGN DOMINATION', ['Ticker', 'Company', 'Dom %'], topDom.map(r => ({
2026-09-05 21:30:23 [DEBUG]    248:     ticker: r.ticker, company: r.company_name, dom: r.dom_pct
2026-09-05 21:30:23 [DEBUG]    249:   }))));
2026-09-05 21:30:23 [DEBUG]    250: 
2026-09-05 21:30:23 [DEBUG]    251:   // Build market summary KPIs from radar summary
2026-09-05 21:30:23 [DEBUG]    252:   const summaryKpi = [];
2026-09-05 21:30:23 [DEBUG]    253:   if (radarSummary.total_reg_value != null) summaryKpi.push({ metric: 'Total Regular Value', value: fmtS(radarSummary.total_reg_value) });
2026-09-05 21:30:23 [DEBUG]    254:   if (radarSummary.total_nego_value != null) summaryKpi.push({ metric: 'Total Nego Value', value: fmtS(radarSummary.total_nego_value) });
2026-09-05 21:30:23 [DEBUG]    255:   if (radarSummary.total_net_foreign != null) summaryKpi.push({ metric: 'Total Net Foreign', value: fmtS(radarSummary.total_net_foreign) });
2026-09-05 21:30:23 [DEBUG]    256:   if (radarSummary.ewi_latest != null) summaryKpi.push({ metric: 'EWI Latest', value: fmtPrice(radarSummary.ewi_latest) });
2026-09-05 21:30:23 [DEBUG]    257:   if (radarSummary.mci_latest != null) summaryKpi.push({ metric: 'MCI Latest', value: fmtPrice(radarSummary.mci_latest) });
2026-09-05 21:30:23 [DEBUG]    258: 
2026-09-05 21:30:23 [DEBUG]    259:   if (summaryKpi.length) el.appendChild(buildTable('MARKET SUMMARY KPIs', ['Metric', 'Value'], summaryKpi));
2026-09-05 21:30:23 [DEBUG]    260: 
2026-09-05 21:30:23 [DEBUG]    261:   // Mount charts
2026-09-05 21:30:23 [DEBUG]    262:   requestAnimationFrame(() => mountMarketCharts(ewi, mci, marketData));
2026-09-05 21:30:23 [DEBUG]    263: }
2026-09-05 21:30:23 [DEBUG]    264: 
2026-09-05 21:30:23 [DEBUG]    265: function kpiTile(label, value, change, color) {
2026-09-05 21:30:23 [DEBUG]    266:   const chgSign = change >= 0 ? '+' : '';
2026-09-05 21:30:23 [DEBUG]    267:   const chgColor = change >= 0 ? 'var(--c-accent)' : 'var(--c-danger)';
2026-09-05 21:30:23 [DEBUG]    268:   return `<div style="flex:1 1 140px;min-width:140px;padding:var(--s-3);background:var(--c-surface);border:1px solid var(--c-border);border-radius:var(--radius);">
2026-09-05 21:30:23 [DEBUG]    269:     <div style="font-size:var(--text-xs);color:var(--c-text-3);margin-bottom:var(--s-1);">${label}</div>
2026-09-05 21:30:23 [DEBUG]    270:     <div style="font-size:var(--text-lg);font-weight:700;color:${color};">${value}</div>
2026-09-05 21:30:23 [DEBUG]    271:     ${change !== 0 ? `<div style="font-size:var(--text-xs);color:${chgColor};font-weight:500;">${chgSign}${Number(change).toFixed(1)}%</div>` : ''}
2026-09-05 21:30:23 [DEBUG]    272:   </div>`;
2026-09-05 21:30:23 [DEBUG]    273: }
2026-09-05 21:30:23 [DEBUG]    274: 
2026-09-05 21:30:23 [DEBUG]    275: function chartPanel(title, subtitle, legend, height) {
2026-09-05 21:30:23 [DEBUG]    276:   const panel = createEl('div', { class: 'market-page__chart-panel', style: { marginBottom: 'var(--s-6)' } });
2026-09-05 21:30:23 [DEBUG]    277:   const legendHtml = legend.map(l => `
2026-09-05 21:30:23 [DEBUG]    278:     <span style="display:inline-flex;align-items:center;gap:4px;font-size:var(--text-xs);color:var(--c-text-3);">
2026-09-05 21:30:23 [DEBUG]    279:       <span style="width:8px;height:8px;border-radius:50%;background:${l.color};display:inline-block;"></span>${l.label}
2026-09-05 21:30:23 [DEBUG]    280:     </span>
2026-09-05 21:30:23 [DEBUG]    281:   `).join('');
2026-09-05 21:30:23 [DEBUG]    282:   panel.innerHTML = `
2026-09-05 21:30:23 [DEBUG]    283:     <div style="display:flex;align-items:flex-start;justify-content:space-between;gap:var(--s-3);flex-wrap:wrap;margin-bottom:var(--s-3);">
2026-09-05 21:30:23 [DEBUG]    284:       <div><div style="font-size:var(--text-md);font-weight:700;">${title}</div>
2026-09-05 21:30:23 [DEBUG]    285:       <div style="font-size:var(--text-xs);color:var(--c-text-3);margin-top:2px;">${subtitle}</div></div>
2026-09-05 21:30:23 [DEBUG]    286:       <div style="display:flex;gap:var(--s-2);flex-wrap:wrap;">${legendHtml}</div>
2026-09-05 21:30:23 [DEBUG]    287:     </div>
2026-09-05 21:30:23 [DEBUG]    288:     <div class="market-page__chart" style="height:${height}px;width:100%;" data-chart-type="${title}"></div>
2026-09-05 21:30:23 [DEBUG]    289:   `;
2026-09-05 21:30:23 [DEBUG]    290:   return panel;
2026-09-05 21:30:23 [DEBUG]    291: }
2026-09-05 21:30:23 [DEBUG]    292: 
2026-09-05 21:30:23 [DEBUG]    293: async function mountMarketCharts(ewi, mci, marketData) {
2026-09-05 21:30:23 [DEBUG]    294:   clearCharts();
2026-09-05 21:30:23 [DEBUG]    295:   if (!marketData.length) return;
2026-09-05 21:30:23 [DEBUG]    296:   try {
2026-09-05 21:30:23 [DEBUG]    297:     await loadApexCharts();
2026-09-05 21:30:23 [DEBUG]    298:   } catch (e) {
2026-09-05 21:30:23 [DEBUG]    299:     console.error('[Market] Failed to load chart library:', e);
2026-09-05 21:30:23 [DEBUG]    300:     rootEl.querySelectorAll('.market-page__chart').forEach(c => {
2026-09-05 21:30:23 [DEBUG]    301:       c.innerHTML = `<div style="display:flex;align-items:center;justify-content:center;height:100%;color:var(--c-text-3);font-size:var(--text-sm);">
2026-09-05 21:30:23 [DEBUG]    302:         <span style="margin-right:var(--s-2);">${icons['alert-circle']}</span> Gagal memuat chart library
2026-09-05 21:30:23 [DEBUG]    303:       </div>`;
2026-09-05 21:30:23 [DEBUG]    304:     });
2026-09-05 21:30:23 [DEBUG]    305:     return;
2026-09-05 21:30:23 [DEBUG]    306:   }
2026-09-05 21:30:23 [DEBUG]    307: 
2026-09-05 21:30:23 [DEBUG]    308:   const containers = rootEl.querySelectorAll('.market-page__chart');
2026-09-05 21:30:23 [DEBUG]    309:   containers.forEach(container => {
2026-09-05 21:30:23 [DEBUG]    310:     const type = container.dataset.chartType;
2026-09-05 21:30:23 [DEBUG]    311:     let chart;
2026-09-05 21:30:23 [DEBUG]    312:     try {
2026-09-05 21:30:23 [DEBUG]    313:       if (type === 'EWI vs MCI') chart = buildEwiMciChartApex(container, ewi, mci);
2026-09-05 21:30:23 [DEBUG]    314:       else if (type === 'Total Nilai Transaksi Pasar') chart = buildBarChartApex(container, marketData.map(d => ({ date: d.date, value: d.value })), '#F6903D');
2026-09-05 21:30:23 [DEBUG]    315:       else if (type === 'Frekuensi Transaksi Pasar') chart = buildBarChartApex(container, marketData.map(d => ({ date: d.date, value: d.frequency })), '#5B8FF9');
2026-09-05 21:30:23 [DEBUG]    316:       else if (type === 'ATV Pasar') chart = buildBarChartApex(container, marketData.map(d => ({ date: d.date, value: d.atv })), '#9270CA');
2026-09-05 21:30:23 [DEBUG]    317:       else if (type === 'Arus Dana Asing Pasar') chart = buildForeignMarketChartApex(container, marketData);
2026-09-05 21:30:23 [DEBUG]    318:       else if (type === 'BII Score Pasar') chart = buildLineChartApex(container, marketData.map(d => ({ date: d.date, close: d.bii_score })), '#7B61FF');
2026-09-05 21:30:23 [DEBUG]    319:       else if (type === 'Nilai Nego Pasar') chart = buildBarChartApex(container, marketData.map(d => ({ date: d.date, value: d.non_reg_value })), '#F6C022');
2026-09-05 21:30:23 [DEBUG]    320:       else if (type === 'Frekuensi Nego Pasar') chart = buildBarChartApex(container, marketData.map(d => ({ date: d.date, value: d.non_reg_freq })), '#90A4AE');
2026-09-05 21:30:23 [DEBUG]    321:       if (chart) state.charts.push(chart);
2026-09-05 21:30:23 [DEBUG]    322:     } catch (e) {
2026-09-05 21:30:23 [DEBUG]    323:       console.error(`[Market] Chart "${type}" failed:`, e);
2026-09-05 21:30:23 [DEBUG]    324:       container.innerHTML = `<div style="display:flex;align-items:center;justify-content:center;height:100%;color:var(--c-text-3);font-size:var(--text-sm);">
2026-09-05 21:30:23 [DEBUG]    325:         <span style="margin-right:var(--s-2);">${icons['alert-circle']}</span> Chart error
2026-09-05 21:30:23 [DEBUG]    326:       </div>`;
2026-09-05 21:30:23 [DEBUG]    327:     }
2026-09-05 21:30:23 [DEBUG]    328:   });
2026-09-05 21:30:23 [DEBUG]    329: }
2026-09-05 21:30:23 [DEBUG]    330: 
2026-09-05 21:30:23 [DEBUG]    331: function buildTable(title, headers, rows) {
2026-09-05 21:30:23 [DEBUG]    332:   const wrap = createEl('div', { style: { marginBottom: 'var(--s-6)' } });
2026-09-05 21:30:23 [DEBUG]    333:   wrap.innerHTML = `
2026-09-05 21:30:23 [DEBUG]    334:     <div style="font-size:var(--text-md);font-weight:700;margin-bottom:var(--s-3);">${title}</div>
2026-09-05 21:30:23 [DEBUG]    335:     <div style="overflow-x:auto;">
2026-09-05 21:30:23 [DEBUG]    336:       <table class="table">
2026-09-05 21:30:23 [DEBUG]    337:         <thead><tr>${headers.map(h => `<th>${h}</th>`).join('')}</tr></thead>
2026-09-05 21:30:23 [DEBUG]    338:         <tbody>
2026-09-05 21:30:23 [DEBUG]    339:           ${rows.map(r => `<tr>
2026-09-05 21:30:23 [DEBUG]    340:             ${Object.values(r).map((v, i) => {
2026-09-05 21:30:23 [DEBUG]    341:               if (i === 0 && typeof v === 'string' && v.length <= 5) {
2026-09-05 21:30:23 [DEBUG]    342:                 return `<td style="font-weight:600;font-size:var(--text-sm);"><a href="#/stocks" style="color:var(--c-primary);" onclick="localStorage.setItem('stocks_initial_ticker','${v}')">${v}</a></td>`;
2026-09-05 21:30:23 [DEBUG]    343:               }
2026-09-05 21:30:23 [DEBUG]    344:               if (typeof v === 'number' && Math.abs(v) >= 1e6) return `<td style="font-size:var(--text-sm);">${fmtS(v)}</td>`;
2026-09-05 21:30:23 [DEBUG]    345:               if (typeof v === 'number') return `<td style="font-size:var(--text-sm);">${v.toFixed(1)}</td>`;
2026-09-05 21:30:23 [DEBUG]    346:               return `<td style="font-size:var(--text-sm);">${v || '-'}</td>`;
2026-09-05 21:30:23 [DEBUG]    347:             }).join('')}
2026-09-05 21:30:23 [DEBUG]    348:           </tr>`).join('')}
2026-09-05 21:30:23 [DEBUG]    349:         </tbody>
2026-09-05 21:30:23 [DEBUG]    350:       </table>
2026-09-05 21:30:23 [DEBUG]    351:     </div>
2026-09-05 21:30:23 [DEBUG]    352:   `;
2026-09-05 21:30:23 [DEBUG]    353:   return wrap;
2026-09-05 21:30:23 [DEBUG]    354: }
2026-09-05 21:30:23 [DEBUG]    355: 
2026-09-05 21:30:23 [DEBUG]    356: /* ─── Cleanup ─── */
2026-09-05 21:30:23 [DEBUG]    357: function cleanup() {
2026-09-05 21:30:23 [DEBUG]    358:   clearCharts();
2026-09-05 21:30:23 [DEBUG]    359:   rootEl = null; refs = {};
2026-09-05 21:30:23 [DEBUG]    360: }
2026-09-05 21:30:23 [DEBUG]    361: 
2026-09-05 21:30:23 [DEBUG]    362: /* ─── Export render ─── */
2026-09-05 21:30:23 [DEBUG]    363: export function render() {
2026-09-05 21:30:23 [DEBUG]    364:   state.days = 30; state.loading = false; state.data = null; state.charts = [];
2026-09-05 21:30:23 [DEBUG]    365:   rootEl = createEl('div', { class: 'market-page', style: { maxWidth: '900px', margin: '0 auto', padding: 'var(--s-4)' } });
2026-09-05 21:30:23 [DEBUG]    366:   refs = {};
2026-09-05 21:30:23 [DEBUG]    367: 
2026-09-05 21:30:23 [DEBUG]    368:   if (!document.getElementById('market-page-keyframes')) {
2026-09-05 21:30:23 [DEBUG]    369:     const style = createEl('style', { id: 'market-page-keyframes' });
2026-09-05 21:30:23 [DEBUG]    370:     style.textContent = `@keyframes spin { to { transform: rotate(360deg); } }`;
2026-09-05 21:30:23 [DEBUG]    371:     document.head.appendChild(style);
2026-09-05 21:30:23 [DEBUG]    372:   }
2026-09-05 21:30:23 [DEBUG]    373: 
2026-09-05 21:30:23 [DEBUG]    374:   renderHeader();
2026-09-05 21:30:23 [DEBUG]    375:   renderLoading();
2026-09-05 21:30:23 [DEBUG]    376:   loadMarket();
2026-09-05 21:30:23 [DEBUG]    377: 
2026-09-05 21:30:23 [DEBUG]    378:   rootEl._cleanup = cleanup;
2026-09-05 21:30:23 [DEBUG]    379:   return rootEl;
2026-09-05 21:30:23 [DEBUG]    380: }
2026-09-05 21:30:23 [DEBUG] Anchor original (100 char): /  ─── Render: Loading ─── /...
2026-09-05 21:30:23 [DEBUG] Anchor normalized: / ─── Render: Loading ─── /...
2026-09-05 21:30:23 [DEBUG] Anchor fingerprint (first 20): [0, 0, 0, 0, 6, 0, 7, 0, 0, 0, 0] ... (total 11 tokens)
2026-09-05 21:30:23 [DEBUG] Window start 2, score=0.52
2026-09-05 21:30:23 [DEBUG] Window start 3, score=0.56
2026-09-05 21:30:23 [DEBUG] Window start 4, score=0.52
2026-09-05 21:30:23 [DEBUG] Window start 5, score=0.58
2026-09-05 21:30:23 [DEBUG] Window start 20, score=0.57
2026-09-05 21:30:23 [DEBUG] Window start 29, score=0.57
2026-09-05 21:30:23 [DEBUG] Window start 34, score=0.67
2026-09-05 21:30:23 [DEBUG] Window start 36, score=0.59
2026-09-05 21:30:23 [DEBUG] Window start 41, score=0.61
2026-09-05 21:30:23 [DEBUG] Window start 42, score=0.64
2026-09-05 21:30:23 [DEBUG] Window start 47, score=0.53
2026-09-05 21:30:23 [DEBUG] Window start 48, score=0.57
2026-09-05 21:30:23 [DEBUG] Window start 58, score=0.53
2026-09-05 21:30:23 [DEBUG] Window start 76, score=0.57
2026-09-05 21:30:23 [DEBUG] Window start 82, score=0.56
2026-09-05 21:30:23 [DEBUG] Window start 89, score=0.57
2026-09-05 21:30:23 [DEBUG] Window start 91, score=0.74
2026-09-05 21:30:23 [DEBUG] Window start 92, score=0.52
2026-09-05 21:30:23 [DEBUG] Window start 116, score=0.59
2026-09-05 21:30:23 [DEBUG] Window start 132, score=0.62
2026-09-05 21:30:23 [DEBUG] Window start 151, score=0.69
2026-09-05 21:30:23 [DEBUG] Window start 152, score=0.56
2026-09-05 21:30:23 [DEBUG] Window start 159, score=0.67
2026-09-05 21:30:23 [DEBUG] Window start 174, score=0.67
2026-09-05 21:30:23 [DEBUG] Window start 197, score=0.64
2026-09-05 21:30:23 [DEBUG] Window start 205, score=0.64
2026-09-05 21:30:23 [DEBUG] Window start 216, score=0.56
2026-09-05 21:30:23 [DEBUG] Window start 219, score=0.52
2026-09-05 21:30:23 [DEBUG] Window start 220, score=0.52
2026-09-05 21:30:23 [DEBUG] Window start 227, score=0.56
2026-09-05 21:30:23 [DEBUG] Window start 239, score=0.53
2026-09-05 21:30:23 [DEBUG] Window start 240, score=0.71
2026-09-05 21:30:23 [DEBUG] Window start 243, score=0.53
2026-09-05 21:30:23 [DEBUG] Window start 244, score=0.71
2026-09-05 21:30:23 [DEBUG] Window start 247, score=0.56
2026-09-05 21:30:23 [DEBUG] Window start 248, score=0.71
2026-09-05 21:30:23 [DEBUG] Window start 261, score=0.59
2026-09-05 21:30:23 [DEBUG] Window start 264, score=0.61
2026-09-05 21:30:23 [DEBUG] Window start 265, score=0.62
2026-09-05 21:30:23 [DEBUG] Window start 274, score=0.61
2026-09-05 21:30:23 [DEBUG] Window start 294, score=0.60
2026-09-05 21:30:23 [DEBUG] Window start 298, score=0.73
2026-09-05 21:30:23 [DEBUG] Window start 299, score=0.62
2026-09-05 21:30:23 [DEBUG] Window start 307, score=0.62
2026-09-05 21:30:23 [DEBUG] Window start 320, score=0.58
2026-09-05 21:30:23 [DEBUG] Window start 322, score=0.61
2026-09-05 21:30:23 [DEBUG] Window start 330, score=0.57
2026-09-05 21:30:23 [DEBUG] Window start 340, score=0.53
2026-09-05 21:30:23 [DEBUG] Window start 347, score=0.67
2026-09-05 21:30:23 [DEBUG] Window start 377, score=0.56
2026-09-05 21:30:23 [ERROR] Skor tertinggi=0.00 (threshold=0.8)
2026-09-05 21:30:23 [ERROR] Top 5 skor:
2026-09-05 21:30:23 [ERROR]   #1: start=91, score=0.74 -> opts.colors = ['#00A86B', '#F2B705'];...
2026-09-05 21:30:23 [ERROR]   #2: start=298, score=0.73 -> console.error('[Market] Failed to load chart library:', e);...
2026-09-05 21:30:23 [ERROR]   #3: start=240, score=0.71 -> }))));...
2026-09-05 21:30:23 [ERROR]   #4: start=244, score=0.71 -> }))));...
2026-09-05 21:30:23 [ERROR]   #5: start=248, score=0.71 -> }))));...
2026-09-05 21:30:23 [WARNING] Fingerprint gagal: Anchor tidak ditemukan (skor tertinggi=0.00). Mencoba fuzzy...
2026-09-05 21:30:23 [DEBUG] Anchor original (100 char): /  ─── Render: Loading ─── /...
2026-09-05 21:30:23 [DEBUG] Anchor normalized: / ─── Render: Loading ─── /...
2026-09-05 21:30:23 [DEBUG] Anchor fingerprint (first 20): [0, 0, 0, 0, 6, 0, 7, 0, 0, 0, 0] ... (total 11 tokens)
2026-09-05 21:30:23 [DEBUG] Window start 2, score=0.52
2026-09-05 21:30:23 [DEBUG] Window start 3, score=0.56
2026-09-05 21:30:23 [DEBUG] Window start 4, score=0.52
2026-09-05 21:30:23 [DEBUG] Window start 5, score=0.58
2026-09-05 21:30:23 [DEBUG] Window start 20, score=0.57
2026-09-05 21:30:23 [DEBUG] Window start 29, score=0.57
2026-09-05 21:30:23 [DEBUG] Window start 34, score=0.67
2026-09-05 21:30:23 [DEBUG] Window start 36, score=0.59
2026-09-05 21:30:23 [DEBUG] Window start 41, score=0.61
2026-09-05 21:30:23 [DEBUG] Window start 42, score=0.64
2026-09-05 21:30:23 [DEBUG] Window start 47, score=0.53
2026-09-05 21:30:23 [DEBUG] Window start 48, score=0.57
2026-09-05 21:30:23 [DEBUG] Window start 58, score=0.53
2026-09-05 21:30:23 [DEBUG] Window start 76, score=0.57
2026-09-05 21:30:23 [DEBUG] Window start 82, score=0.56
2026-09-05 21:30:23 [DEBUG] Window start 89, score=0.57
2026-09-05 21:30:23 [DEBUG] Window start 91, score=0.74
2026-09-05 21:30:23 [DEBUG] Window start 92, score=0.52
2026-09-05 21:30:23 [DEBUG] Window start 116, score=0.59
2026-09-05 21:30:23 [DEBUG] Window start 132, score=0.62
2026-09-05 21:30:23 [DEBUG] Window start 151, score=0.69
2026-09-05 21:30:23 [DEBUG] Window start 152, score=0.56
2026-09-05 21:30:23 [DEBUG] Window start 159, score=0.67
2026-09-05 21:30:23 [DEBUG] Window start 174, score=0.67
2026-09-05 21:30:23 [DEBUG] Window start 197, score=0.64
2026-09-05 21:30:23 [DEBUG] Window start 205, score=0.64
2026-09-05 21:30:23 [DEBUG] Window start 216, score=0.56
2026-09-05 21:30:23 [DEBUG] Window start 219, score=0.52
2026-09-05 21:30:23 [DEBUG] Window start 220, score=0.52
2026-09-05 21:30:23 [DEBUG] Window start 227, score=0.56
2026-09-05 21:30:23 [DEBUG] Window start 239, score=0.53
2026-09-05 21:30:23 [DEBUG] Window start 240, score=0.71
2026-09-05 21:30:23 [DEBUG] Window start 243, score=0.53
2026-09-05 21:30:23 [DEBUG] Window start 244, score=0.71
2026-09-05 21:30:23 [DEBUG] Window start 247, score=0.56
2026-09-05 21:30:23 [DEBUG] Window start 248, score=0.71
2026-09-05 21:30:23 [DEBUG] Window start 261, score=0.59
2026-09-05 21:30:23 [DEBUG] Window start 264, score=0.61
2026-09-05 21:30:23 [DEBUG] Window start 265, score=0.62
2026-09-05 21:30:23 [DEBUG] Window start 274, score=0.61
2026-09-05 21:30:23 [DEBUG] Window start 294, score=0.60
2026-09-05 21:30:23 [DEBUG] Window start 298, score=0.73
2026-09-05 21:30:23 [DEBUG] Window start 299, score=0.62
2026-09-05 21:30:23 [DEBUG] Window start 307, score=0.62
2026-09-05 21:30:23 [DEBUG] Window start 320, score=0.58
2026-09-05 21:30:23 [DEBUG] Window start 322, score=0.61
2026-09-05 21:30:23 [DEBUG] Window start 330, score=0.57
2026-09-05 21:30:23 [DEBUG] Window start 340, score=0.53
2026-09-05 21:30:23 [DEBUG] Window start 347, score=0.67
2026-09-05 21:30:23 [DEBUG] Window start 377, score=0.56
2026-09-05 21:30:23 [ERROR] Skor tertinggi=0.00 (threshold=0.8)
2026-09-05 21:30:23 [ERROR] Top 5 skor:
2026-09-05 21:30:23 [ERROR]   #1: start=91, score=0.74 -> opts.colors = ['#00A86B', '#F2B705'];...
2026-09-05 21:30:23 [ERROR]   #2: start=298, score=0.73 -> console.error('[Market] Failed to load chart library:', e);...
2026-09-05 21:30:23 [ERROR]   #3: start=240, score=0.71 -> }))));...
2026-09-05 21:30:23 [ERROR]   #4: start=244, score=0.71 -> }))));...
2026-09-05 21:30:23 [ERROR]   #5: start=248, score=0.71 -> }))));...
2026-09-05 21:30:23 [WARNING] Fuzzy juga gagal. Mencoba literal...
2026-09-05 21:30:23 [DEBUG] Keyword fallback di baris 0-381
2026-09-05 21:30:23 [DEBUG] js/pages/market.js: anchor '/  ─── Render: Loading ─── /...' → baris 0-381 (segmen 0-380)
2026-09-05 21:30:23 [DEBUG]    1: /* pages/market.js — Market Overview (Anti-Slop, ApexCharts) */
2026-09-05 21:30:23 [DEBUG]    2: import { $, on, createEl } from '../utils/dom.js';
2026-09-05 21:30:23 [DEBUG]    3: import { icons } from '../ui/icons.js';
2026-09-05 21:30:23 [DEBUG]    4: import Api from '../core/api.js';
2026-09-05 21:30:23 [DEBUG]    5: import { toast } from '../ui/toast.js';
2026-09-05 21:30:23 [DEBUG]    6: import { StockSectorBadge, sectorColor } from '../ui/stock-widgets.js';
2026-09-05 21:30:23 [DEBUG]    7: import { loadApexCharts, buildBaseOptions, renderChart, destroyChart, normalizeDate } from '../ui/chart.js';
2026-09-05 21:30:23 [DEBUG]    8: 
2026-09-05 21:30:23 [DEBUG]    9: /* ─── Helpers ─── */
2026-09-05 21:30:23 [DEBUG]    10: function fmtPrice(v) {
2026-09-05 21:30:23 [DEBUG]    11:   if (v == null) return '-';
2026-09-05 21:30:23 [DEBUG]    12:   return new Intl.NumberFormat('id-ID', { maximumFractionDigits: 0 }).format(v);
2026-09-05 21:30:23 [DEBUG]    13: }
2026-09-05 21:30:23 [DEBUG]    14: 
2026-09-05 21:30:23 [DEBUG]    15: function fmtS(v) {
2026-09-05 21:30:23 [DEBUG]    16:   if (v == null) return '-';
2026-09-05 21:30:23 [DEBUG]    17:   const n = Number(v), s = n < 0 ? '-' : '', a = Math.abs(n);
2026-09-05 21:30:23 [DEBUG]    18:   if (a >= 1e12) return s + (a / 1e12).toFixed(1) + 'T';
2026-09-05 21:30:23 [DEBUG]    19:   if (a >= 1e9) return s + (a / 1e9).toFixed(1) + 'B';
2026-09-05 21:30:23 [DEBUG]    20:   if (a >= 1e6) return s + (a / 1e6).toFixed(1) + 'M';
2026-09-05 21:30:23 [DEBUG]    21:   return s + a.toFixed(0);
2026-09-05 21:30:23 [DEBUG]    22: }
2026-09-05 21:30:23 [DEBUG]    23: 
2026-09-05 21:30:23 [DEBUG]    24: function compact(v) {
2026-09-05 21:30:23 [DEBUG]    25:   if (v == null) return '-';
2026-09-05 21:30:23 [DEBUG]    26:   const n = Number(v), s = n < 0 ? '-' : '', a = Math.abs(n);
2026-09-05 21:30:23 [DEBUG]    27:   if (a >= 1e12) return s + (a / 1e12).toFixed(1) + 'T';
2026-09-05 21:30:23 [DEBUG]    28:   if (a >= 1e9) return s + (a / 1e9).toFixed(1) + 'B';
2026-09-05 21:30:23 [DEBUG]    29:   if (a >= 1e6) return s + (a / 1e6).toFixed(1) + 'M';
2026-09-05 21:30:23 [DEBUG]    30:   return s + a.toFixed(0);
2026-09-05 21:30:23 [DEBUG]    31: }
2026-09-05 21:30:23 [DEBUG]    32: 
2026-09-05 21:30:23 [DEBUG]    33: function dateLabel(dateStr) {
2026-09-05 21:30:23 [DEBUG]    34:   const d = new Date(dateStr);
2026-09-05 21:30:23 [DEBUG]    35:   if (isNaN(d)) return dateStr;
2026-09-05 21:30:23 [DEBUG]    36:   const months = ['Jan', 'Feb', 'Mar', 'Apr', 'Mei', 'Jun', 'Jul', 'Agu', 'Sep', 'Okt', 'Nov', 'Des'];
2026-09-05 21:30:23 [DEBUG]    37:   return `${d.getDate()} ${months[d.getMonth()]}`;
2026-09-05 21:30:23 [DEBUG]    38: }
2026-09-05 21:30:23 [DEBUG]    39: 
2026-09-05 21:30:23 [DEBUG]    40: /* ─── ApexCharts helpers ─── */
2026-09-05 21:30:23 [DEBUG]    41: function toTs(dateStr) {
2026-09-05 21:30:23 [DEBUG]    42:   const d = new Date(normalizeDate(dateStr));
2026-09-05 21:30:23 [DEBUG]    43:   return isNaN(d) ? 0 : d.getTime();
2026-09-05 21:30:23 [DEBUG]    44: }
2026-09-05 21:30:23 [DEBUG]    45: 
2026-09-05 21:30:23 [DEBUG]    46: function buildLineChartApex(container, data, color) {
2026-09-05 21:30:23 [DEBUG]    47:   const opts = buildBaseOptions({ height: 210, type: 'line' });
2026-09-05 21:30:23 [DEBUG]    48:   opts.colors = [color];
2026-09-05 21:30:23 [DEBUG]    49:   opts.stroke.width = 2.5;
2026-09-05 21:30:23 [DEBUG]    50:   opts.series = [{
2026-09-05 21:30:23 [DEBUG]    51:     name: 'Value',
2026-09-05 21:30:23 [DEBUG]    52:     data: data.filter(d => d.date && d.close != null).map(d => ({ x: toTs(d.date), y: d.close })),
2026-09-05 21:30:23 [DEBUG]    53:   }];
2026-09-05 21:30:23 [DEBUG]    54:   return renderChart(container, opts);
2026-09-05 21:30:23 [DEBUG]    55: }
2026-09-05 21:30:23 [DEBUG]    56: 
2026-09-05 21:30:23 [DEBUG]    57: function buildBarChartApex(container, data, color) {
2026-09-05 21:30:23 [DEBUG]    58:   const opts = buildBaseOptions({ height: 200, type: 'bar' });
2026-09-05 21:30:23 [DEBUG]    59:   opts.colors = [color];
2026-09-05 21:30:23 [DEBUG]    60:   opts.plotOptions = { bar: { columnWidth: '60%', borderRadius: 2, borderRadiusApplication: 'end' } };
2026-09-05 21:30:23 [DEBUG]    61:   opts.series = [{
2026-09-05 21:30:23 [DEBUG]    62:     name: 'Value',
2026-09-05 21:30:23 [DEBUG]    63:     data: data.filter(d => d.date && d.value != null).map(d => ({ x: toTs(d.date), y: d.value })),
2026-09-05 21:30:23 [DEBUG]    64:   }];
2026-09-05 21:30:23 [DEBUG]    65:   return renderChart(container, opts);
2026-09-05 21:30:23 [DEBUG]    66: }
2026-09-05 21:30:23 [DEBUG]    67: 
2026-09-05 21:30:23 [DEBUG]    68: function buildForeignMarketChartApex(container, data) {
2026-09-05 21:30:23 [DEBUG]    69:   const opts = buildBaseOptions({ height: 210, type: 'bar' });
2026-09-05 21:30:23 [DEBUG]    70:   opts.plotOptions = {
2026-09-05 21:30:23 [DEBUG]    71:     bar: {
2026-09-05 21:30:23 [DEBUG]    72:       columnWidth: '55%',
2026-09-05 21:30:23 [DEBUG]    73:       borderRadius: 0,
2026-09-05 21:30:23 [DEBUG]    74:       colors: {
2026-09-05 21:30:23 [DEBUG]    75:         ranges: [
2026-09-05 21:30:23 [DEBUG]    76:           { from: -Infinity, to: -0.0001, color: '#D94B4B' },
2026-09-05 21:30:23 [DEBUG]    77:           { from: 0, to: Infinity, color: '#00A86B' },
2026-09-05 21:30:23 [DEBUG]    78:         ],
2026-09-05 21:30:23 [DEBUG]    79:       },
2026-09-05 21:30:23 [DEBUG]    80:     },
2026-09-05 21:30:23 [DEBUG]    81:   };
2026-09-05 21:30:23 [DEBUG]    82:   opts.series = [{
2026-09-05 21:30:23 [DEBUG]    83:     name: 'Net Foreign',
2026-09-05 21:30:23 [DEBUG]    84:     data: data.filter(d => d.date && d.net_foreign != null).map(d => ({ x: toTs(d.date), y: d.net_foreign })),
2026-09-05 21:30:23 [DEBUG]    85:   }];
2026-09-05 21:30:23 [DEBUG]    86:   opts.tooltip.y = { formatter: (v) => (v >= 0 ? '+' : '') + fmtS(v) };
2026-09-05 21:30:23 [DEBUG]    87:   return renderChart(container, opts);
2026-09-05 21:30:23 [DEBUG]    88: }
2026-09-05 21:30:23 [DEBUG]    89: 
2026-09-05 21:30:23 [DEBUG]    90: function buildEwiMciChartApex(container, ewiData, mciData) {
2026-09-05 21:30:23 [DEBUG]    91:   const opts = buildBaseOptions({ height: 270, type: 'line' });
2026-09-05 21:30:23 [DEBUG]    92:   opts.colors = ['#00A86B', '#F2B705'];
2026-09-05 21:30:23 [DEBUG]    93:   opts.stroke.width = [2.5, 2.5];
2026-09-05 21:30:23 [DEBUG]    94:   opts.series = [
2026-09-05 21:30:23 [DEBUG]    95:     {
2026-09-05 21:30:23 [DEBUG]    96:       name: 'EWI',
2026-09-05 21:30:23 [DEBUG]    97:       data: ewiData.filter(d => d.date && d.close != null).map(d => ({ x: toTs(d.date), y: d.close })),
2026-09-05 21:30:23 [DEBUG]    98:     },
2026-09-05 21:30:23 [DEBUG]    99:     {
2026-09-05 21:30:23 [DEBUG]    100:       name: 'MCI',
2026-09-05 21:30:23 [DEBUG]    101:       data: mciData.filter(d => d.date && d.close != null).map(d => ({ x: toTs(d.date), y: d.close })),
2026-09-05 21:30:23 [DEBUG]    102:     },
2026-09-05 21:30:23 [DEBUG]    103:   ];
2026-09-05 21:30:23 [DEBUG]    104:   return renderChart(container, opts);
2026-09-05 21:30:23 [DEBUG]    105: }
2026-09-05 21:30:23 [DEBUG]    106: 
2026-09-05 21:30:23 [DEBUG]    107: /* ─── State ─── */
2026-09-05 21:30:23 [DEBUG]    108: const state = {
2026-09-05 21:30:23 [DEBUG]    109:   days: 30, loading: false, data: null, charts: [],
2026-09-05 21:30:23 [DEBUG]    110: };
2026-09-05 21:30:23 [DEBUG]    111: 
2026-09-05 21:30:23 [DEBUG]    112: /* ─── API ─── */
2026-09-05 21:30:23 [DEBUG]    113: async function loadMarket() {
2026-09-05 21:30:23 [DEBUG]    114:   state.loading = true;
2026-09-05 21:30:23 [DEBUG]    115:   renderLoading();
2026-09-05 21:30:23 [DEBUG]    116:   try {
2026-09-05 21:30:23 [DEBUG]    117:     const res = await Api.get('/idx/market/summary', { days: state.days });
2026-09-05 21:30:23 [DEBUG]    118:     state.data = res?.data || res;
2026-09-05 21:30:23 [DEBUG]    119:     state.loading = false;
2026-09-05 21:30:23 [DEBUG]    120:     renderMarket();
2026-09-05 21:30:23 [DEBUG]    121:   } catch (e) {
2026-09-05 21:30:23 [DEBUG]    122:     state.loading = false;
2026-09-05 21:30:23 [DEBUG]    123:     toast('Gagal memuat data pasar: ' + (e.message || e), 'danger');
2026-09-05 21:30:23 [DEBUG]    124:     renderLoading();
2026-09-05 21:30:23 [DEBUG]    125:   }
2026-09-05 21:30:23 [DEBUG]    126: }
2026-09-05 21:30:23 [DEBUG]    127: 
2026-09-05 21:30:23 [DEBUG]    128: /* ─── DOM ─── */
2026-09-05 21:30:23 [DEBUG]    129: let rootEl = null;
2026-09-05 21:30:23 [DEBUG]    130: let refs = {};
2026-09-05 21:30:23 [DEBUG]    131: 
2026-09-05 21:30:23 [DEBUG]    132: function clearCharts() {
2026-09-05 21:30:23 [DEBUG]    133:   state.charts.forEach(c => destroyChart(c));
2026-09-05 21:30:23 [DEBUG]    134:   state.charts = [];
2026-09-05 21:30:23 [DEBUG]    135: }
2026-09-05 21:30:23 [DEBUG]    136: 
2026-09-05 21:30:23 [DEBUG]    137: /* ─── Render: Header ─── */
2026-09-05 21:30:23 [DEBUG]    138: function renderHeader() {
2026-09-05 21:30:23 [DEBUG]    139:   const header = createEl('div', { style: { marginBottom: 'var(--s-5)' } });
2026-09-05 21:30:23 [DEBUG]    140:   header.innerHTML = `
2026-09-05 21:30:23 [DEBUG]    141:     <div style="display:flex;align-items:center;justify-content:space-between;flex-wrap:wrap;gap:var(--s-3);">
2026-09-05 21:30:23 [DEBUG]    142:       <div>
2026-09-05 21:30:23 [DEBUG]    143:         <h1 style="font-size:var(--text-lg);font-weight:700;margin-bottom:var(--s-1);">Ringkasan Pasar</h1>
2026-09-05 21:30:23 [DEBUG]    144:         <p style="color:var(--c-text-2);font-size:var(--text-sm);">Analisis pasar saham Indonesia.</p>
2026-09-05 21:30:23 [DEBUG]    145:       </div>
2026-09-05 21:30:23 [DEBUG]    146:       <div style="display:flex;gap:var(--s-2);">
2026-09-05 21:30:23 [DEBUG]    147:         <button class="btn btn--secondary btn--sm" id="market-refresh" aria-label="Refresh">${icons['refresh']} <span>Refresh</span></button>
2026-09-05 21:30:23 [DEBUG]    148:         <a href="#/stocks" class="btn btn--ghost btn--sm">${icons['trending-up']} <span>Analisis</span></a>
2026-09-05 21:30:23 [DEBUG]    149:       </div>
2026-09-05 21:30:23 [DEBUG]    150:     </div>
2026-09-05 21:30:23 [DEBUG]    151:   `;
2026-09-05 21:30:23 [DEBUG]    152:   on(header.querySelector('#market-refresh'), 'click', loadMarket);
2026-09-05 21:30:23 [DEBUG]    153:   rootEl.appendChild(header);
2026-09-05 21:30:23 [DEBUG]    154: }
2026-09-05 21:30:23 [DEBUG]    155: 
2026-09-05 21:30:23 [DEBUG]    156: /* ─── Render: Loading ─── */
2026-09-05 21:30:23 [DEBUG]    157: function renderLoading() {
2026-09-05 21:30:23 [DEBUG]    158:   let el = refs.content;
2026-09-05 21:30:23 [DEBUG]    159:   if (!el) {
2026-09-05 21:30:23 [DEBUG]    160:     el = createEl('div', { class: 'market-page__content' });
2026-09-05 21:30:23 [DEBUG]    161:     refs.content = el;
2026-09-05 21:30:23 [DEBUG]    162:     rootEl.appendChild(el);
2026-09-05 21:30:23 [DEBUG]    163:   }
2026-09-05 21:30:23 [DEBUG]    164:   el.innerHTML = `<div class="card" style="padding:var(--s-6);text-align:center;">
2026-09-05 21:30:23 [DEBUG]    165:     <div class="spinner" style="width:32px;height:32px;border:3px solid var(--c-border);border-top-color:var(--c-primary);border-radius:50%;animation:spin 1s linear infinite;margin:0 auto var(--s-3);"></div>
2026-09-05 21:30:23 [DEBUG]    166:     <div style="font-size:var(--text-sm);color:var(--c-text-2);">Memuat data pasar...</div>
2026-09-05 21:30:23 [DEBUG]    167:   </div>`;
2026-09-05 21:30:23 [DEBUG]    168:   clearCharts();
2026-09-05 21:30:23 [DEBUG]    169: }
2026-09-05 21:30:23 [DEBUG]    170: 
2026-09-05 21:30:23 [DEBUG]    171: /* ─── Render: Market ─── */
2026-09-05 21:30:23 [DEBUG]    172: function renderMarket() {
2026-09-05 21:30:23 [DEBUG]    173:   let el = refs.content;
2026-09-05 21:30:23 [DEBUG]    174:   if (!el) {
2026-09-05 21:30:23 [DEBUG]    175:     el = createEl('div', { class: 'market-page__content' });
2026-09-05 21:30:23 [DEBUG]    176:     refs.content = el;
2026-09-05 21:30:23 [DEBUG]    177:     rootEl.appendChild(el);
2026-09-05 21:30:23 [DEBUG]    178:   }
2026-09-05 21:30:23 [DEBUG]    179: 
2026-09-05 21:30:23 [DEBUG]    180:   if (!state.data) {
2026-09-05 21:30:23 [DEBUG]    181:     el.innerHTML = `<div class="card" style="padding:var(--s-6);text-align:center;">
2026-09-05 21:30:23 [DEBUG]    182:       <div style="font-size:var(--text-sm);color:var(--c-text-3);">Data pasar tidak tersedia</div>
2026-09-05 21:30:23 [DEBUG]    183:     </div>`;
2026-09-05 21:30:23 [DEBUG]    184:     return;
2026-09-05 21:30:23 [DEBUG]    185:   }
2026-09-05 21:30:23 [DEBUG]    186: 
2026-09-05 21:30:23 [DEBUG]    187:   const d = state.data;
2026-09-05 21:30:23 [DEBUG]    188:   // Backend returns { period_days, radar: { data: [], summary: {} }, top_accumulation, top_distribution, top_domination }
2026-09-05 21:30:23 [DEBUG]    189:   const radar = d.radar || {};
2026-09-05 21:30:23 [DEBUG]    190:   const radarData = radar.data || [];
2026-09-05 21:30:23 [DEBUG]    191:   // Extract EWI & MCI series from radar data (each data point has ewi & mci fields when include_market_indexes=true)
2026-09-05 21:30:23 [DEBUG]    192:   const ewi = radarData.map(point => ({ date: point.date, close: point.ewi, change: point.change || 0 }));
2026-09-05 21:30:23 [DEBUG]    193:   const mci = radarData.map(point => ({ date: point.date, close: point.mci, change: point.change || 0 }));
2026-09-05 21:30:23 [DEBUG]    194:   const marketData = radarData;
2026-09-05 21:30:23 [DEBUG]    195:   const topAcc = d.top_accumulation || [];
2026-09-05 21:30:23 [DEBUG]    196:   const topDist = d.top_distribution || [];
2026-09-05 21:30:23 [DEBUG]    197:   const topDom = d.top_domination || [];
2026-09-05 21:30:23 [DEBUG]    198:   const radarSummary = radar.summary || {};
2026-09-05 21:30:23 [DEBUG]    199: 
2026-09-05 21:30:23 [DEBUG]    200:   el.innerHTML = '';
2026-09-05 21:30:23 [DEBUG]    201: 
2026-09-05 21:30:23 [DEBUG]    202:   // ── KPI Tiles ──
2026-09-05 21:30:23 [DEBUG]    203:   const kpiWrap = createEl('div', { style: { display: 'flex', gap: 'var(--s-2)', flexWrap: 'wrap', marginBottom: 'var(--s-5)' } });
2026-09-05 21:30:23 [DEBUG]    204:   const latestEwi = ewi.length ? ewi[ewi.length - 1] : null;
2026-09-05 21:30:23 [DEBUG]    205:   const latestMci = mci.length ? mci[mci.length - 1] : null;
2026-09-05 21:30:23 [DEBUG]    206:   const ewiChange = radarSummary.ewi_change_pct || 0;
2026-09-05 21:30:23 [DEBUG]    207:   const mciChange = 0;
2026-09-05 21:30:23 [DEBUG]    208: 
2026-09-05 21:30:23 [DEBUG]    209:   kpiWrap.innerHTML = `
2026-09-05 21:30:23 [DEBUG]    210:     ${kpiTile('EWI (IDX Energy Weighted)', latestEwi ? fmtPrice(latestEwi.close) : '-', ewiChange, '#00A86B')}
2026-09-05 21:30:23 [DEBUG]    211:     ${kpiTile('MCI (IDX Mining Composite)', latestMci ? fmtPrice(latestMci.close) : '-', mciChange, '#F2B705')}
2026-09-05 21:30:23 [DEBUG]    212:     ${kpiTile('Total Value', radarSummary.total_reg_value ? fmtS(radarSummary.total_reg_value) : '-', 0, '#F6903D')}
2026-09-05 21:30:23 [DEBUG]    213:     ${kpiTile('Total Volume', marketData.length ? fmtS(marketData.reduce((sum, p) => sum + (p.volume || 0), 0)) : '-', 0, '#6DC8EC')}
2026-09-05 21:30:23 [DEBUG]    214:     ${kpiTile('Foreign Net', radarSummary.total_net_foreign ? fmtS(radarSummary.total_net_foreign) : '-', radarSummary.total_net_foreign || 0, '#00A86B')}
2026-09-05 21:30:23 [DEBUG]    215:     ${kpiTile('Avg BII', marketData.length ? marketData[marketData.length - 1].bii_score.toFixed(1) : '-', 0, '#7B61FF')}
2026-09-05 21:30:23 [DEBUG]    216:   `;
2026-09-05 21:30:23 [DEBUG]    217:   el.appendChild(kpiWrap);
2026-09-05 21:30:23 [DEBUG]    218: 
2026-09-05 21:30:23 [DEBUG]    219:   // ── EWI vs MCI Chart ──
2026-09-05 21:30:23 [DEBUG]    220:   if (ewi.length && mci.length) {
2026-09-05 21:30:23 [DEBUG]    221:     const panel = chartPanel('EWI vs MCI', 'Indeks energi terhadap indeks pertambangan', [
2026-09-05 21:30:23 [DEBUG]    222:       { label: 'EWI', color: '#00A86B' }, { label: 'MCI', color: '#F2B705' }
2026-09-05 21:30:23 [DEBUG]    223:     ], 270);
2026-09-05 21:30:23 [DEBUG]    224:     el.appendChild(panel);
2026-09-05 21:30:23 [DEBUG]    225:   }
2026-09-05 21:30:23 [DEBUG]    226: 
2026-09-05 21:30:23 [DEBUG]    227:   // ── Market Charts ──
2026-09-05 21:30:23 [DEBUG]    228:   if (marketData.length) {
2026-09-05 21:30:23 [DEBUG]    229:     el.appendChild(chartPanel('Total Nilai Transaksi Pasar', 'Keseluruhan nilai transaksi harian', [{ label: 'Nilai', color: '#F6903D' }], 200));
2026-09-05 21:30:23 [DEBUG]    230:     el.appendChild(chartPanel('Frekuensi Transaksi Pasar', 'Jumlah transaksi harian', [{ label: 'Frekuensi', color: '#5B8FF9' }], 200));
2026-09-05 21:30:23 [DEBUG]    231:     el.appendChild(chartPanel('ATV Pasar', 'Ukuran transaksi rata-rata pasar', [{ label: 'ATV', color: '#9270CA' }], 200));
2026-09-05 21:30:23 [DEBUG]    232:     el.appendChild(chartPanel('Arus Dana Asing Pasar', 'Net foreign buy/sell keseluruhan pasar', [{ label: 'Beli', color: '#00A86B' }, { label: 'Jual', color: '#D94B4B' }], 210));
2026-09-05 21:30:23 [DEBUG]    233:     el.appendChild(chartPanel('BII Score Pasar', 'Skor akumulasi pasar', [{ label: 'BII', color: '#7B61FF' }], 210));
2026-09-05 21:30:23 [DEBUG]    234:     el.appendChild(chartPanel('Nilai Nego Pasar', 'Transaksi non-regular pasar', [{ label: 'Nego Value', color: '#F6C022' }], 200));
2026-09-05 21:30:23 [DEBUG]    235:     el.appendChild(chartPanel('Frekuensi Nego Pasar', 'Transaksi negosiasi pasar', [{ label: 'Nego Freq', color: '#90A4AE' }], 180));
2026-09-05 21:30:23 [DEBUG]    236:   }
2026-09-05 21:30:23 [DEBUG]    237: 
2026-09-05 21:30:23 [DEBUG]    238:   // ── Tables ──
2026-09-05 21:30:23 [DEBUG]    239:   if (topAcc.length) el.appendChild(buildTable('TOP ACCUMULATION', ['Ticker', 'Company', 'Net Foreign'], topAcc.map(r => ({
2026-09-05 21:30:23 [DEBUG]    240:     ticker: r.ticker, company: r.company_name, netForeign: r.net_flow_val
2026-09-05 21:30:23 [DEBUG]    241:   }))));
2026-09-05 21:30:23 [DEBUG]    242: 
2026-09-05 21:30:23 [DEBUG]    243:   if (topDist.length) el.appendChild(buildTable('TOP DISTRIBUTION', ['Ticker', 'Company', 'Net Foreign'], topDist.map(r => ({
2026-09-05 21:30:23 [DEBUG]    244:     ticker: r.ticker, company: r.company_name, netForeign: r.net_flow_val
2026-09-05 21:30:23 [DEBUG]    245:   }))));
2026-09-05 21:30:23 [DEBUG]    246: 
2026-09-05 21:30:23 [DEBUG]    247:   if (topDom.length) el.appendChild(buildTable('TOP 10 FOREIGN DOMINATION', ['Ticker', 'Company', 'Dom %'], topDom.map(r => ({
2026-09-05 21:30:23 [DEBUG]    248:     ticker: r.ticker, company: r.company_name, dom: r.dom_pct
2026-09-05 21:30:23 [DEBUG]    249:   }))));
2026-09-05 21:30:23 [DEBUG]    250: 
2026-09-05 21:30:23 [DEBUG]    251:   // Build market summary KPIs from radar summary
2026-09-05 21:30:23 [DEBUG]    252:   const summaryKpi = [];
2026-09-05 21:30:23 [DEBUG]    253:   if (radarSummary.total_reg_value != null) summaryKpi.push({ metric: 'Total Regular Value', value: fmtS(radarSummary.total_reg_value) });
2026-09-05 21:30:23 [DEBUG]    254:   if (radarSummary.total_nego_value != null) summaryKpi.push({ metric: 'Total Nego Value', value: fmtS(radarSummary.total_nego_value) });
2026-09-05 21:30:23 [DEBUG]    255:   if (radarSummary.total_net_foreign != null) summaryKpi.push({ metric: 'Total Net Foreign', value: fmtS(radarSummary.total_net_foreign) });
2026-09-05 21:30:23 [DEBUG]    256:   if (radarSummary.ewi_latest != null) summaryKpi.push({ metric: 'EWI Latest', value: fmtPrice(radarSummary.ewi_latest) });
2026-09-05 21:30:23 [DEBUG]    257:   if (radarSummary.mci_latest != null) summaryKpi.push({ metric: 'MCI Latest', value: fmtPrice(radarSummary.mci_latest) });
2026-09-05 21:30:23 [DEBUG]    258: 
2026-09-05 21:30:23 [DEBUG]    259:   if (summaryKpi.length) el.appendChild(buildTable('MARKET SUMMARY KPIs', ['Metric', 'Value'], summaryKpi));
2026-09-05 21:30:23 [DEBUG]    260: 
2026-09-05 21:30:23 [DEBUG]    261:   // Mount charts
2026-09-05 21:30:23 [DEBUG]    262:   requestAnimationFrame(() => mountMarketCharts(ewi, mci, marketData));
2026-09-05 21:30:23 [DEBUG]    263: }
2026-09-05 21:30:23 [DEBUG]    264: 
2026-09-05 21:30:23 [DEBUG]    265: function kpiTile(label, value, change, color) {
2026-09-05 21:30:23 [DEBUG]    266:   const chgSign = change >= 0 ? '+' : '';
2026-09-05 21:30:23 [DEBUG]    267:   const chgColor = change >= 0 ? 'var(--c-accent)' : 'var(--c-danger)';
2026-09-05 21:30:23 [DEBUG]    268:   return `<div style="flex:1 1 140px;min-width:140px;padding:var(--s-3);background:var(--c-surface);border:1px solid var(--c-border);border-radius:var(--radius);">
2026-09-05 21:30:23 [DEBUG]    269:     <div style="font-size:var(--text-xs);color:var(--c-text-3);margin-bottom:var(--s-1);">${label}</div>
2026-09-05 21:30:23 [DEBUG]    270:     <div style="font-size:var(--text-lg);font-weight:700;color:${color};">${value}</div>
2026-09-05 21:30:23 [DEBUG]    271:     ${change !== 0 ? `<div style="font-size:var(--text-xs);color:${chgColor};font-weight:500;">${chgSign}${Number(change).toFixed(1)}%</div>` : ''}
2026-09-05 21:30:23 [DEBUG]    272:   </div>`;
2026-09-05 21:30:23 [DEBUG]    273: }
2026-09-05 21:30:23 [DEBUG]    274: 
2026-09-05 21:30:23 [DEBUG]    275: function chartPanel(title, subtitle, legend, height) {
2026-09-05 21:30:23 [DEBUG]    276:   const panel = createEl('div', { class: 'market-page__chart-panel', style: { marginBottom: 'var(--s-6)' } });
2026-09-05 21:30:23 [DEBUG]    277:   const legendHtml = legend.map(l => `
2026-09-05 21:30:23 [DEBUG]    278:     <span style="display:inline-flex;align-items:center;gap:4px;font-size:var(--text-xs);color:var(--c-text-3);">
2026-09-05 21:30:23 [DEBUG]    279:       <span style="width:8px;height:8px;border-radius:50%;background:${l.color};display:inline-block;"></span>${l.label}
2026-09-05 21:30:23 [DEBUG]    280:     </span>
2026-09-05 21:30:23 [DEBUG]    281:   `).join('');
2026-09-05 21:30:23 [DEBUG]    282:   panel.innerHTML = `
2026-09-05 21:30:23 [DEBUG]    283:     <div style="display:flex;align-items:flex-start;justify-content:space-between;gap:var(--s-3);flex-wrap:wrap;margin-bottom:var(--s-3);">
2026-09-05 21:30:23 [DEBUG]    284:       <div><div style="font-size:var(--text-md);font-weight:700;">${title}</div>
2026-09-05 21:30:23 [DEBUG]    285:       <div style="font-size:var(--text-xs);color:var(--c-text-3);margin-top:2px;">${subtitle}</div></div>
2026-09-05 21:30:23 [DEBUG]    286:       <div style="display:flex;gap:var(--s-2);flex-wrap:wrap;">${legendHtml}</div>
2026-09-05 21:30:23 [DEBUG]    287:     </div>
2026-09-05 21:30:23 [DEBUG]    288:     <div class="market-page__chart" style="height:${height}px;width:100%;" data-chart-type="${title}"></div>
2026-09-05 21:30:23 [DEBUG]    289:   `;
2026-09-05 21:30:23 [DEBUG]    290:   return panel;
2026-09-05 21:30:23 [DEBUG]    291: }
2026-09-05 21:30:23 [DEBUG]    292: 
2026-09-05 21:30:23 [DEBUG]    293: async function mountMarketCharts(ewi, mci, marketData) {
2026-09-05 21:30:23 [DEBUG]    294:   clearCharts();
2026-09-05 21:30:23 [DEBUG]    295:   if (!marketData.length) return;
2026-09-05 21:30:23 [DEBUG]    296:   try {
2026-09-05 21:30:23 [DEBUG]    297:     await loadApexCharts();
2026-09-05 21:30:23 [DEBUG]    298:   } catch (e) {
2026-09-05 21:30:23 [DEBUG]    299:     console.error('[Market] Failed to load chart library:', e);
2026-09-05 21:30:23 [DEBUG]    300:     rootEl.querySelectorAll('.market-page__chart').forEach(c => {
2026-09-05 21:30:23 [DEBUG]    301:       c.innerHTML = `<div style="display:flex;align-items:center;justify-content:center;height:100%;color:var(--c-text-3);font-size:var(--text-sm);">
2026-09-05 21:30:23 [DEBUG]    302:         <span style="margin-right:var(--s-2);">${icons['alert-circle']}</span> Gagal memuat chart library
2026-09-05 21:30:23 [DEBUG]    303:       </div>`;
2026-09-05 21:30:23 [DEBUG]    304:     });
2026-09-05 21:30:23 [DEBUG]    305:     return;
2026-09-05 21:30:23 [DEBUG]    306:   }
2026-09-05 21:30:23 [DEBUG]    307: 
2026-09-05 21:30:23 [DEBUG]    308:   const containers = rootEl.querySelectorAll('.market-page__chart');
2026-09-05 21:30:23 [DEBUG]    309:   containers.forEach(container => {
2026-09-05 21:30:23 [DEBUG]    310:     const type = container.dataset.chartType;
2026-09-05 21:30:23 [DEBUG]    311:     let chart;
2026-09-05 21:30:23 [DEBUG]    312:     try {
2026-09-05 21:30:23 [DEBUG]    313:       if (type === 'EWI vs MCI') chart = buildEwiMciChartApex(container, ewi, mci);
2026-09-05 21:30:23 [DEBUG]    314:       else if (type === 'Total Nilai Transaksi Pasar') chart = buildBarChartApex(container, marketData.map(d => ({ date: d.date, value: d.value })), '#F6903D');
2026-09-05 21:30:23 [DEBUG]    315:       else if (type === 'Frekuensi Transaksi Pasar') chart = buildBarChartApex(container, marketData.map(d => ({ date: d.date, value: d.frequency })), '#5B8FF9');
2026-09-05 21:30:23 [DEBUG]    316:       else if (type === 'ATV Pasar') chart = buildBarChartApex(container, marketData.map(d => ({ date: d.date, value: d.atv })), '#9270CA');
2026-09-05 21:30:23 [DEBUG]    317:       else if (type === 'Arus Dana Asing Pasar') chart = buildForeignMarketChartApex(container, marketData);
2026-09-05 21:30:23 [DEBUG]    318:       else if (type === 'BII Score Pasar') chart = buildLineChartApex(container, marketData.map(d => ({ date: d.date, close: d.bii_score })), '#7B61FF');
2026-09-05 21:30:23 [DEBUG]    319:       else if (type === 'Nilai Nego Pasar') chart = buildBarChartApex(container, marketData.map(d => ({ date: d.date, value: d.non_reg_value })), '#F6C022');
2026-09-05 21:30:23 [DEBUG]    320:       else if (type === 'Frekuensi Nego Pasar') chart = buildBarChartApex(container, marketData.map(d => ({ date: d.date, value: d.non_reg_freq })), '#90A4AE');
2026-09-05 21:30:23 [DEBUG]    321:       if (chart) state.charts.push(chart);
2026-09-05 21:30:23 [DEBUG]    322:     } catch (e) {
2026-09-05 21:30:23 [DEBUG]    323:       console.error(`[Market] Chart "${type}" failed:`, e);
2026-09-05 21:30:23 [DEBUG]    324:       container.innerHTML = `<div style="display:flex;align-items:center;justify-content:center;height:100%;color:var(--c-text-3);font-size:var(--text-sm);">
2026-09-05 21:30:23 [DEBUG]    325:         <span style="margin-right:var(--s-2);">${icons['alert-circle']}</span> Chart error
2026-09-05 21:30:23 [DEBUG]    326:       </div>`;
2026-09-05 21:30:23 [DEBUG]    327:     }
2026-09-05 21:30:23 [DEBUG]    328:   });
2026-09-05 21:30:23 [DEBUG]    329: }
2026-09-05 21:30:23 [DEBUG]    330: 
2026-09-05 21:30:23 [DEBUG]    331: function buildTable(title, headers, rows) {
2026-09-05 21:30:23 [DEBUG]    332:   const wrap = createEl('div', { style: { marginBottom: 'var(--s-6)' } });
2026-09-05 21:30:23 [DEBUG]    333:   wrap.innerHTML = `
2026-09-05 21:30:23 [DEBUG]    334:     <div style="font-size:var(--text-md);font-weight:700;margin-bottom:var(--s-3);">${title}</div>
2026-09-05 21:30:23 [DEBUG]    335:     <div style="overflow-x:auto;">
2026-09-05 21:30:23 [DEBUG]    336:       <table class="table">
2026-09-05 21:30:23 [DEBUG]    337:         <thead><tr>${headers.map(h => `<th>${h}</th>`).join('')}</tr></thead>
2026-09-05 21:30:23 [DEBUG]    338:         <tbody>
2026-09-05 21:30:23 [DEBUG]    339:           ${rows.map(r => `<tr>
2026-09-05 21:30:23 [DEBUG]    340:             ${Object.values(r).map((v, i) => {
2026-09-05 21:30:23 [DEBUG]    341:               if (i === 0 && typeof v === 'string' && v.length <= 5) {
2026-09-05 21:30:23 [DEBUG]    342:                 return `<td style="font-weight:600;font-size:var(--text-sm);"><a href="#/stocks" style="color:var(--c-primary);" onclick="localStorage.setItem('stocks_initial_ticker','${v}')">${v}</a></td>`;
2026-09-05 21:30:23 [DEBUG]    343:               }
2026-09-05 21:30:23 [DEBUG]    344:               if (typeof v === 'number' && Math.abs(v) >= 1e6) return `<td style="font-size:var(--text-sm);">${fmtS(v)}</td>`;
2026-09-05 21:30:23 [DEBUG]    345:               if (typeof v === 'number') return `<td style="font-size:var(--text-sm);">${v.toFixed(1)}</td>`;
2026-09-05 21:30:23 [DEBUG]    346:               return `<td style="font-size:var(--text-sm);">${v || '-'}</td>`;
2026-09-05 21:30:23 [DEBUG]    347:             }).join('')}
2026-09-05 21:30:23 [DEBUG]    348:           </tr>`).join('')}
2026-09-05 21:30:23 [DEBUG]    349:         </tbody>
2026-09-05 21:30:23 [DEBUG]    350:       </table>
2026-09-05 21:30:23 [DEBUG]    351:     </div>
2026-09-05 21:30:23 [DEBUG]    352:   `;
2026-09-05 21:30:23 [DEBUG]    353:   return wrap;
2026-09-05 21:30:23 [DEBUG]    354: }
2026-09-05 21:30:23 [DEBUG]    355: 
2026-09-05 21:30:23 [DEBUG]    356: /* ─── Cleanup ─── */
2026-09-05 21:30:23 [DEBUG]    357: function cleanup() {
2026-09-05 21:30:23 [DEBUG]    358:   clearCharts();
2026-09-05 21:30:23 [DEBUG]    359:   rootEl = null; refs = {};
2026-09-05 21:30:23 [DEBUG]    360: }
2026-09-05 21:30:23 [DEBUG]    361: 
2026-09-05 21:30:23 [DEBUG]    362: /* ─── Export render ─── */
2026-09-05 21:30:23 [DEBUG]    363: export function render() {
2026-09-05 21:30:23 [DEBUG]    364:   state.days = 30; state.loading = false; state.data = null; state.charts = [];
2026-09-05 21:30:23 [DEBUG]    365:   rootEl = createEl('div', { class: 'market-page', style: { maxWidth: '900px', margin: '0 auto', padding: 'var(--s-4)' } });
2026-09-05 21:30:23 [DEBUG]    366:   refs = {};
2026-09-05 21:30:23 [DEBUG]    367: 
2026-09-05 21:30:23 [DEBUG]    368:   if (!document.getElementById('market-page-keyframes')) {
2026-09-05 21:30:23 [DEBUG]    369:     const style = createEl('style', { id: 'market-page-keyframes' });
2026-09-05 21:30:23 [DEBUG]    370:     style.textContent = `@keyframes spin { to { transform: rotate(360deg); } }`;
2026-09-05 21:30:23 [DEBUG]    371:     document.head.appendChild(style);
2026-09-05 21:30:23 [DEBUG]    372:   }
2026-09-05 21:30:23 [DEBUG]    373: 
2026-09-05 21:30:23 [DEBUG]    374:   renderHeader();
2026-09-05 21:30:23 [DEBUG]    375:   renderLoading();
2026-09-05 21:30:23 [DEBUG]    376:   loadMarket();
2026-09-05 21:30:23 [DEBUG]    377: 
2026-09-05 21:30:23 [DEBUG]    378:   rootEl._cleanup = cleanup;
2026-09-05 21:30:23 [DEBUG]    379:   return rootEl;
2026-09-05 21:30:23 [DEBUG]    380: }
2026-09-05 21:30:23 [DEBUG] Anchor original (100 char): renderHeader();...
2026-09-05 21:30:23 [DEBUG] Anchor normalized: renderHeader();...
2026-09-05 21:30:23 [DEBUG] Anchor fingerprint (first 20): [12, 0, 0, 0] ... (total 4 tokens)
2026-09-05 21:30:23 [DEBUG] Window start 49, score=0.60
2026-09-05 21:30:23 [DEBUG] Window start 50, score=0.60
2026-09-05 21:30:23 [DEBUG] Window start 52, score=0.86
2026-09-05 21:30:24 [DEBUG] Window start 60, score=0.60
2026-09-05 21:30:24 [DEBUG] Window start 61, score=0.60
2026-09-05 21:30:24 [DEBUG] Window start 63, score=0.86
2026-09-05 21:30:24 [DEBUG] Window start 70, score=0.57
2026-09-05 21:30:24 [DEBUG] Window start 71, score=0.55
2026-09-05 21:30:24 [DEBUG] Window start 72, score=0.75
2026-09-05 21:30:24 [DEBUG] Window start 73, score=0.57
2026-09-05 21:30:24 [DEBUG] Window start 74, score=0.57
2026-09-05 21:30:24 [DEBUG] Window start 77, score=0.67
2026-09-05 21:30:24 [DEBUG] Window start 78, score=0.67
2026-09-05 21:30:24 [DEBUG] Window start 79, score=0.67
2026-09-05 21:30:24 [DEBUG] Window start 80, score=0.67
2026-09-05 21:30:24 [DEBUG] Window start 81, score=0.60
2026-09-05 21:30:24 [DEBUG] Window start 82, score=0.55
2026-09-05 21:30:24 [DEBUG] Window start 84, score=0.86
2026-09-05 21:30:24 [DEBUG] Window start 95, score=0.60
2026-09-05 21:30:24 [DEBUG] Window start 97, score=0.67
2026-09-05 21:30:24 [DEBUG] Window start 99, score=0.60
2026-09-05 21:30:24 [DEBUG] Window start 101, score=0.67
2026-09-05 21:30:24 [DEBUG] Window start 102, score=0.67
2026-09-05 21:30:24 [DEBUG] Window start 109, score=0.67
2026-09-05 21:30:24 [DEBUG] Window start 112, score=0.60
2026-09-05 21:30:24 [DEBUG] Window start 113, score=0.60
2026-09-05 21:30:24 [DEBUG] Window start 114, score=0.75
2026-09-05 21:30:24 [DEBUG] Window start 118, score=0.60
2026-09-05 21:30:24 [DEBUG] Window start 119, score=1.00
2026-09-05 21:30:24 [DEBUG] Window start 121, score=0.60
2026-09-05 21:30:24 [DEBUG] Window start 123, score=0.75
2026-09-05 21:30:24 [DEBUG] Window start 129, score=0.60
2026-09-05 21:30:24 [DEBUG] Window start 131, score=0.67
2026-09-05 21:30:24 [DEBUG] Window start 133, score=0.55
2026-09-05 21:30:24 [DEBUG] Window start 137, score=0.89
2026-09-05 21:30:24 [DEBUG] Window start 141, score=0.57
2026-09-05 21:30:24 [DEBUG] Window start 144, score=0.75
2026-09-05 21:30:24 [DEBUG] Window start 148, score=0.75
2026-09-05 21:30:24 [DEBUG] Window start 149, score=0.75
2026-09-05 21:30:24 [DEBUG] Window start 150, score=0.67
2026-09-05 21:30:24 [DEBUG] Window start 156, score=0.67
2026-09-05 21:30:24 [DEBUG] Window start 157, score=0.55
2026-09-05 21:30:24 [DEBUG] Window start 158, score=0.60
2026-09-05 21:30:24 [DEBUG] Window start 160, score=0.60
2026-09-05 21:30:24 [DEBUG] Window start 166, score=0.60
2026-09-05 21:30:24 [DEBUG] Window start 167, score=0.75
2026-09-05 21:30:24 [DEBUG] Window start 171, score=0.89
2026-09-05 21:30:24 [DEBUG] Window start 172, score=0.55
2026-09-05 21:30:24 [DEBUG] Window start 173, score=0.60
2026-09-05 21:30:24 [DEBUG] Window start 175, score=0.60
2026-09-05 21:30:24 [DEBUG] Window start 182, score=0.60
2026-09-05 21:30:24 [DEBUG] Window start 186, score=0.55
2026-09-05 21:30:24 [DEBUG] Window start 197, score=0.53
2026-09-05 21:30:24 [DEBUG] Window start 199, score=0.55
2026-09-05 21:30:24 [DEBUG] Window start 215, score=0.67
2026-09-05 21:30:24 [DEBUG] Window start 222, score=0.67
2026-09-05 21:30:24 [DEBUG] Window start 240, score=0.60
2026-09-05 21:30:24 [DEBUG] Window start 244, score=0.60
2026-09-05 21:30:24 [DEBUG] Window start 248, score=0.60
2026-09-05 21:30:24 [DEBUG] Window start 251, score=0.60
2026-09-05 21:30:24 [DEBUG] Window start 271, score=0.60
2026-09-05 21:30:24 [DEBUG] Window start 279, score=0.75
2026-09-05 21:30:24 [DEBUG] Window start 286, score=0.75
2026-09-05 21:30:24 [DEBUG] Window start 288, score=0.67
2026-09-05 21:30:24 [DEBUG] Window start 293, score=0.75
2026-09-05 21:30:24 [DEBUG] Window start 296, score=0.67
2026-09-05 21:30:24 [DEBUG] Window start 302, score=0.60
2026-09-05 21:30:24 [DEBUG] Window start 303, score=0.86
2026-09-05 21:30:24 [DEBUG] Window start 325, score=0.60
2026-09-05 21:30:24 [DEBUG] Window start 327, score=0.86
2026-09-05 21:30:24 [DEBUG] Window start 337, score=0.57
2026-09-05 21:30:24 [DEBUG] Window start 348, score=0.75
2026-09-05 21:30:24 [DEBUG] Window start 349, score=0.75
2026-09-05 21:30:24 [DEBUG] Window start 350, score=0.75
2026-09-05 21:30:24 [DEBUG] Window start 351, score=0.67
2026-09-05 21:30:24 [DEBUG] Window start 356, score=0.67
2026-09-05 21:30:24 [DEBUG] Window start 357, score=0.75
2026-09-05 21:30:24 [DEBUG] Window start 362, score=0.60
2026-09-05 21:30:24 [DEBUG] Window start 365, score=0.67
2026-09-05 21:30:24 [DEBUG] Window start 373, score=1.00
2026-09-05 21:30:24 [DEBUG] Window start 374, score=0.75
2026-09-05 21:30:24 [DEBUG] Window start 375, score=0.75
2026-09-05 21:30:24 [DEBUG] Window start 377, score=0.55
2026-09-05 21:30:24 [WARNING] Match ditemukan dengan skor rendah (0.86). Verifikasi manual.
2026-09-05 21:30:24 [INFO] Match found: start=52, end=53, score=0.86
2026-09-05 21:30:24 [DEBUG] js/pages/market.js: anchor 'renderHeader();...' → baris 52-53 (segmen 42-63)
2026-09-05 21:30:24 [DEBUG]    42:   const d = new Date(normalizeDate(dateStr));
2026-09-05 21:30:24 [DEBUG]    43:   return isNaN(d) ? 0 : d.getTime();
2026-09-05 21:30:24 [DEBUG]    44: }
2026-09-05 21:30:24 [DEBUG]    45: 
2026-09-05 21:30:24 [DEBUG]    46: function buildLineChartApex(container, data, color) {
2026-09-05 21:30:24 [DEBUG]    47:   const opts = buildBaseOptions({ height: 210, type: 'line' });
2026-09-05 21:30:24 [DEBUG]    48:   opts.colors = [color];
2026-09-05 21:30:24 [DEBUG]    49:   opts.stroke.width = 2.5;
2026-09-05 21:30:24 [DEBUG]    50:   opts.series = [{
2026-09-05 21:30:24 [DEBUG]    51:     name: 'Value',
2026-09-05 21:30:24 [DEBUG]    52:     data: data.filter(d => d.date && d.close != null).map(d => ({ x: toTs(d.date), y: d.close })),
2026-09-05 21:30:24 [DEBUG]    53:   }];
2026-09-05 21:30:24 [DEBUG]    54:   return renderChart(container, opts);
2026-09-05 21:30:24 [DEBUG]    55: }
2026-09-05 21:30:24 [DEBUG]    56: 
2026-09-05 21:30:24 [DEBUG]    57: function buildBarChartApex(container, data, color) {
2026-09-05 21:30:24 [DEBUG]    58:   const opts = buildBaseOptions({ height: 200, type: 'bar' });
2026-09-05 21:30:24 [DEBUG]    59:   opts.colors = [color];
2026-09-05 21:30:24 [DEBUG]    60:   opts.plotOptions = { bar: { columnWidth: '60%', borderRadius: 2, borderRadiusApplication: 'end' } };
2026-09-05 21:30:24 [DEBUG]    61:   opts.series = [{
2026-09-05 21:30:24 [DEBUG]    62:     name: 'Value',
2026-09-05 21:30:24 [DEBUG]    63:     data: data.filter(d => d.date && d.value != null).map(d => ({ x: toTs(d.date), y: d.value })),
2026-09-05 21:30:24 [DEBUG]    64:   }];
2026-09-05 21:30:24 [ERROR] ❌ ERROR pada js/pages/market.js: Patch 0 dan 1 overlap di file js/pages/market.js
2026-09-05 21:30:24 [INFO] ▶️  Memproses js/pages/stocks.js ...
2026-09-05 21:30:24 [DEBUG] Anchor original (100 char): /  ─── ApexCharts helpers ─── /...
2026-09-05 21:30:24 [DEBUG] Anchor normalized: / ─── ApexCharts helpers ─── /...
2026-09-05 21:30:24 [DEBUG] Anchor fingerprint (first 20): [0, 0, 0, 0, 10, 7, 0, 0, 0, 0] ... (total 10 tokens)
2026-09-05 21:30:24 [DEBUG] Window start 9, score=0.56
2026-09-05 21:30:24 [DEBUG] Window start 19, score=0.64
2026-09-05 21:30:24 [DEBUG] Window start 20, score=0.52
2026-09-05 21:30:24 [DEBUG] Window start 24, score=0.56
2026-09-05 21:30:24 [DEBUG] Window start 26, score=0.56
2026-09-05 21:30:24 [DEBUG] Window start 27, score=0.56
2026-09-05 21:30:24 [DEBUG] Window start 28, score=0.56
2026-09-05 21:30:24 [DEBUG] Window start 29, score=0.56
2026-09-05 21:30:24 [DEBUG] Window start 30, score=0.56
2026-09-05 21:30:24 [DEBUG] Window start 31, score=0.56
2026-09-05 21:30:24 [DEBUG] Window start 32, score=0.56
2026-09-05 21:30:24 [DEBUG] Window start 33, score=0.52
2026-09-05 21:30:24 [DEBUG] Window start 34, score=0.52
2026-09-05 21:30:24 [DEBUG] Window start 37, score=0.67
2026-09-05 21:30:24 [DEBUG] Window start 38, score=0.56
2026-09-05 21:30:24 [DEBUG] Window start 39, score=0.52
2026-09-05 21:30:24 [DEBUG] Window start 40, score=0.52
2026-09-05 21:30:24 [DEBUG] Window start 41, score=0.56
2026-09-05 21:30:24 [DEBUG] Window start 46, score=0.56
2026-09-05 21:30:24 [DEBUG] Window start 48, score=0.52
2026-09-05 21:30:24 [DEBUG] Window start 50, score=0.62
2026-09-05 21:30:24 [DEBUG] Window start 53, score=0.52
2026-09-05 21:30:24 [DEBUG] Window start 54, score=0.52
2026-09-05 21:30:24 [DEBUG] Window start 59, score=0.56
2026-09-05 21:30:24 [DEBUG] Window start 69, score=0.52
2026-09-05 21:30:24 [DEBUG] Window start 71, score=0.69
2026-09-05 21:30:24 [DEBUG] Window start 79, score=0.52
2026-09-05 21:30:24 [DEBUG] Window start 81, score=0.63
2026-09-05 21:30:24 [DEBUG] Window start 91, score=0.75
2026-09-05 21:30:24 [DEBUG] Window start 93, score=0.53
2026-09-05 21:30:24 [DEBUG] Window start 95, score=0.67
2026-09-05 21:30:24 [DEBUG] Window start 103, score=0.57
2026-09-05 21:30:24 [DEBUG] Window start 107, score=0.60
2026-09-05 21:30:24 [DEBUG] Window start 110, score=0.72
2026-09-05 21:30:24 [DEBUG] Window start 115, score=0.52
2026-09-05 21:30:24 [DEBUG] Window start 118, score=0.61
2026-09-05 21:30:24 [DEBUG] Window start 122, score=0.64
2026-09-05 21:30:24 [DEBUG] Window start 123, score=0.52
2026-09-05 21:30:24 [DEBUG] Window start 135, score=0.60
2026-09-05 21:30:24 [DEBUG] Window start 137, score=0.63
2026-09-05 21:30:24 [DEBUG] Window start 143, score=0.54
2026-09-05 21:30:24 [DEBUG] Window start 153, score=0.62
2026-09-05 21:30:24 [DEBUG] Window start 155, score=0.53
2026-09-05 21:30:24 [DEBUG] Window start 170, score=0.70
2026-09-05 21:30:24 [DEBUG] Window start 172, score=0.53
2026-09-05 21:30:24 [DEBUG] Window start 218, score=0.53
2026-09-05 21:30:24 [DEBUG] Window start 221, score=0.55
2026-09-05 21:30:24 [DEBUG] Window start 226, score=0.64
2026-09-05 21:30:24 [DEBUG] Window start 227, score=0.67
2026-09-05 21:30:24 [DEBUG] Window start 232, score=0.67
2026-09-05 21:30:24 [DEBUG] Window start 267, score=0.59
2026-09-05 21:30:24 [DEBUG] Window start 287, score=0.56
2026-09-05 21:30:24 [DEBUG] Window start 291, score=0.55
2026-09-05 21:30:24 [DEBUG] Window start 301, score=0.52
2026-09-05 21:30:24 [DEBUG] Window start 315, score=0.67
2026-09-05 21:30:24 [DEBUG] Window start 316, score=0.52
2026-09-05 21:30:24 [DEBUG] Window start 317, score=0.57
2026-09-05 21:30:24 [DEBUG] Window start 318, score=0.53
2026-09-05 21:30:24 [DEBUG] Window start 323, score=0.53
2026-09-05 21:30:24 [DEBUG] Window start 335, score=0.67
2026-09-05 21:30:24 [DEBUG] Window start 349, score=0.55
2026-09-05 21:30:24 [DEBUG] Window start 350, score=0.62
2026-09-05 21:30:24 [DEBUG] Window start 380, score=0.59
2026-09-05 21:30:24 [DEBUG] Window start 386, score=0.64
2026-09-05 21:30:24 [DEBUG] Window start 387, score=0.67
2026-09-05 21:30:24 [DEBUG] Window start 400, score=0.67
2026-09-05 21:30:24 [DEBUG] Window start 405, score=0.55
2026-09-05 21:30:24 [DEBUG] Window start 411, score=0.52
2026-09-05 21:30:24 [DEBUG] Window start 412, score=0.52
2026-09-05 21:30:24 [DEBUG] Window start 415, score=0.60
2026-09-05 21:30:24 [DEBUG] Window start 417, score=0.58
2026-09-05 21:30:24 [DEBUG] Window start 424, score=0.57
2026-09-05 21:30:24 [DEBUG] Window start 438, score=0.67
2026-09-05 21:30:24 [DEBUG] Window start 457, score=0.59
2026-09-05 21:30:24 [DEBUG] Window start 461, score=0.53
2026-09-05 21:30:24 [DEBUG] Window start 467, score=0.52
2026-09-05 21:30:24 [DEBUG] Window start 476, score=0.70
2026-09-05 21:30:24 [DEBUG] Window start 481, score=0.70
2026-09-05 21:30:24 [DEBUG] Window start 499, score=0.53
2026-09-05 21:30:24 [DEBUG] Window start 525, score=0.53
2026-09-05 21:30:24 [DEBUG] Window start 528, score=0.70
2026-09-05 21:30:24 [DEBUG] Window start 532, score=0.53
2026-09-05 21:30:24 [DEBUG] Window start 534, score=0.55
2026-09-05 21:30:24 [DEBUG] Window start 541, score=0.58
2026-09-05 21:30:24 [DEBUG] Window start 543, score=0.70
2026-09-05 21:30:24 [DEBUG] Window start 556, score=0.63
2026-09-05 21:30:24 [DEBUG] Window start 557, score=0.70
2026-09-05 21:30:24 [DEBUG] Window start 559, score=0.53
2026-09-05 21:30:24 [DEBUG] Window start 560, score=0.53
2026-09-05 21:30:24 [DEBUG] Window start 563, score=0.53
2026-09-05 21:30:24 [DEBUG] Window start 582, score=0.53
2026-09-05 21:30:24 [DEBUG] Window start 583, score=0.55
2026-09-05 21:30:24 [DEBUG] Window start 584, score=0.51
2026-09-05 21:30:24 [DEBUG] Window start 587, score=0.53
2026-09-05 21:30:24 [DEBUG] Window start 625, score=0.57
2026-09-05 21:30:24 [DEBUG] Window start 626, score=0.64
2026-09-05 21:30:24 [DEBUG] Window start 627, score=0.64
2026-09-05 21:30:24 [DEBUG] Window start 629, score=0.55
2026-09-05 21:30:24 [DEBUG] Window start 630, score=0.57
2026-09-05 21:30:24 [DEBUG] Window start 637, score=0.59
2026-09-05 21:30:24 [DEBUG] Window start 652, score=0.52
2026-09-05 21:30:24 [DEBUG] Window start 674, score=0.59
2026-09-05 21:30:24 [DEBUG] Window start 691, score=0.70
2026-09-05 21:30:24 [DEBUG] Window start 693, score=0.73
2026-09-05 21:30:24 [DEBUG] Window start 721, score=0.62
2026-09-05 21:30:24 [DEBUG] Window start 722, score=0.52
2026-09-05 21:30:24 [DEBUG] Window start 731, score=0.63
2026-09-05 21:30:24 [DEBUG] Window start 736, score=0.53
2026-09-05 21:30:24 [DEBUG] Window start 739, score=0.73
2026-09-05 21:30:24 [DEBUG] Window start 741, score=0.59
2026-09-05 21:30:24 [DEBUG] Window start 743, score=0.56
2026-09-05 21:30:24 [DEBUG] Window start 745, score=0.58
2026-09-05 21:30:24 [DEBUG] Window start 747, score=0.56
2026-09-05 21:30:24 [DEBUG] Window start 749, score=0.55
2026-09-05 21:30:24 [DEBUG] Window start 751, score=0.57
2026-09-05 21:30:24 [DEBUG] Window start 753, score=0.62
2026-09-05 21:30:24 [DEBUG] Window start 755, score=0.58
2026-09-05 21:30:24 [DEBUG] Window start 778, score=0.57
2026-09-05 21:30:24 [DEBUG] Window start 781, score=0.52
2026-09-05 21:30:24 [DEBUG] Window start 800, score=0.53
2026-09-05 21:30:24 [DEBUG] Window start 808, score=0.53
2026-09-05 21:30:24 [DEBUG] Window start 818, score=0.67
2026-09-05 21:30:24 [DEBUG] Window start 819, score=0.52
2026-09-05 21:30:24 [DEBUG] Window start 820, score=0.57
2026-09-05 21:30:24 [DEBUG] Window start 821, score=0.53
2026-09-05 21:30:24 [DEBUG] Window start 824, score=0.53
2026-09-05 21:30:24 [DEBUG] Window start 842, score=0.73
2026-09-05 21:30:24 [DEBUG] Window start 845, score=0.57
2026-09-05 21:30:24 [DEBUG] Window start 848, score=0.70
2026-09-05 21:30:24 [DEBUG] Window start 849, score=0.57
2026-09-05 21:30:24 [DEBUG] Window start 850, score=0.57
2026-09-05 21:30:24 [ERROR] Skor tertinggi=0.00 (threshold=0.8)
2026-09-05 21:30:24 [ERROR] Top 5 skor:
2026-09-05 21:30:24 [ERROR]   #1: start=91, score=0.75 -> display: 'inline-flex', alignItems: 'center',...
2026-09-05 21:30:24 [ERROR]   #2: start=693, score=0.73 -> requestAnimationFrame(() => mountCharts(rawData));...
2026-09-05 21:30:24 [ERROR]   #3: start=739, score=0.73 -> if (type === 'Pergerakan Harga') {...
2026-09-05 21:30:24 [ERROR]   #4: start=842, score=0.73 -> refs.searchDropdown.style.display = 'none';...
2026-09-05 21:30:24 [ERROR]   #5: start=110, score=0.72 -> cursor: isBlacklisted && statusReason ? 'pointer' : 'default',...
2026-09-05 21:30:24 [WARNING] Fingerprint gagal: Anchor tidak ditemukan (skor tertinggi=0.00). Mencoba fuzzy...
2026-09-05 21:30:24 [DEBUG] Anchor original (100 char): /  ─── ApexCharts helpers ─── /...
2026-09-05 21:30:24 [DEBUG] Anchor normalized: / ─── ApexCharts helpers ─── /...
2026-09-05 21:30:24 [DEBUG] Anchor fingerprint (first 20): [0, 0, 0, 0, 10, 7, 0, 0, 0, 0] ... (total 10 tokens)
2026-09-05 21:30:24 [DEBUG] Window start 9, score=0.56
2026-09-05 21:30:24 [DEBUG] Window start 19, score=0.64
2026-09-05 21:30:24 [DEBUG] Window start 20, score=0.52
2026-09-05 21:30:24 [DEBUG] Window start 24, score=0.56
2026-09-05 21:30:24 [DEBUG] Window start 26, score=0.56
2026-09-05 21:30:24 [DEBUG] Window start 27, score=0.56
2026-09-05 21:30:24 [DEBUG] Window start 28, score=0.56
2026-09-05 21:30:24 [DEBUG] Window start 29, score=0.56
2026-09-05 21:30:24 [DEBUG] Window start 30, score=0.56
2026-09-05 21:30:24 [DEBUG] Window start 31, score=0.56
2026-09-05 21:30:24 [DEBUG] Window start 32, score=0.56
2026-09-05 21:30:24 [DEBUG] Window start 33, score=0.52
2026-09-05 21:30:24 [DEBUG] Window start 34, score=0.52
2026-09-05 21:30:24 [DEBUG] Window start 37, score=0.67
2026-09-05 21:30:24 [DEBUG] Window start 38, score=0.56
2026-09-05 21:30:24 [DEBUG] Window start 39, score=0.52
2026-09-05 21:30:24 [DEBUG] Window start 40, score=0.52
2026-09-05 21:30:24 [DEBUG] Window start 41, score=0.56
2026-09-05 21:30:24 [DEBUG] Window start 46, score=0.56
2026-09-05 21:30:24 [DEBUG] Window start 48, score=0.52
2026-09-05 21:30:24 [DEBUG] Window start 50, score=0.62
2026-09-05 21:30:24 [DEBUG] Window start 53, score=0.52
2026-09-05 21:30:24 [DEBUG] Window start 54, score=0.52
2026-09-05 21:30:24 [DEBUG] Window start 59, score=0.56
2026-09-05 21:30:24 [DEBUG] Window start 69, score=0.52
2026-09-05 21:30:24 [DEBUG] Window start 71, score=0.69
2026-09-05 21:30:24 [DEBUG] Window start 79, score=0.52
2026-09-05 21:30:24 [DEBUG] Window start 81, score=0.63
2026-09-05 21:30:24 [DEBUG] Window start 91, score=0.75
2026-09-05 21:30:24 [DEBUG] Window start 93, score=0.53
2026-09-05 21:30:24 [DEBUG] Window start 95, score=0.67
2026-09-05 21:30:24 [DEBUG] Window start 103, score=0.57
2026-09-05 21:30:24 [DEBUG] Window start 107, score=0.60
2026-09-05 21:30:24 [DEBUG] Window start 110, score=0.72
2026-09-05 21:30:24 [DEBUG] Window start 115, score=0.52
2026-09-05 21:30:24 [DEBUG] Window start 118, score=0.61
2026-09-05 21:30:24 [DEBUG] Window start 122, score=0.64
2026-09-05 21:30:24 [DEBUG] Window start 123, score=0.52
2026-09-05 21:30:24 [DEBUG] Window start 135, score=0.60
2026-09-05 21:30:24 [DEBUG] Window start 137, score=0.63
2026-09-05 21:30:24 [DEBUG] Window start 143, score=0.54
2026-09-05 21:30:24 [DEBUG] Window start 153, score=0.62
2026-09-05 21:30:24 [DEBUG] Window start 155, score=0.53
2026-09-05 21:30:24 [DEBUG] Window start 170, score=0.70
2026-09-05 21:30:24 [DEBUG] Window start 172, score=0.53
2026-09-05 21:30:24 [DEBUG] Window start 218, score=0.53
2026-09-05 21:30:24 [DEBUG] Window start 221, score=0.55
2026-09-05 21:30:24 [DEBUG] Window start 226, score=0.64
2026-09-05 21:30:24 [DEBUG] Window start 227, score=0.67
2026-09-05 21:30:24 [DEBUG] Window start 232, score=0.67
2026-09-05 21:30:24 [DEBUG] Window start 267, score=0.59
2026-09-05 21:30:24 [DEBUG] Window start 287, score=0.56
2026-09-05 21:30:24 [DEBUG] Window start 291, score=0.55
2026-09-05 21:30:24 [DEBUG] Window start 301, score=0.52
2026-09-05 21:30:24 [DEBUG] Window start 315, score=0.67
2026-09-05 21:30:24 [DEBUG] Window start 316, score=0.52
2026-09-05 21:30:24 [DEBUG] Window start 317, score=0.57
2026-09-05 21:30:24 [DEBUG] Window start 318, score=0.53
2026-09-05 21:30:24 [DEBUG] Window start 323, score=0.53
2026-09-05 21:30:24 [DEBUG] Window start 335, score=0.67
2026-09-05 21:30:24 [DEBUG] Window start 349, score=0.55
2026-09-05 21:30:24 [DEBUG] Window start 350, score=0.62
2026-09-05 21:30:24 [DEBUG] Window start 380, score=0.59
2026-09-05 21:30:24 [DEBUG] Window start 386, score=0.64
2026-09-05 21:30:24 [DEBUG] Window start 387, score=0.67
2026-09-05 21:30:24 [DEBUG] Window start 400, score=0.67
2026-09-05 21:30:24 [DEBUG] Window start 405, score=0.55
2026-09-05 21:30:24 [DEBUG] Window start 411, score=0.52
2026-09-05 21:30:24 [DEBUG] Window start 412, score=0.52
2026-09-05 21:30:24 [DEBUG] Window start 415, score=0.60
2026-09-05 21:30:24 [DEBUG] Window start 417, score=0.58
2026-09-05 21:30:24 [DEBUG] Window start 424, score=0.57
2026-09-05 21:30:24 [DEBUG] Window start 438, score=0.67
2026-09-05 21:30:24 [DEBUG] Window start 457, score=0.59
2026-09-05 21:30:24 [DEBUG] Window start 461, score=0.53
2026-09-05 21:30:24 [DEBUG] Window start 467, score=0.52
2026-09-05 21:30:24 [DEBUG] Window start 476, score=0.70
2026-09-05 21:30:24 [DEBUG] Window start 481, score=0.70
2026-09-05 21:30:24 [DEBUG] Window start 499, score=0.53
2026-09-05 21:30:24 [DEBUG] Window start 525, score=0.53
2026-09-05 21:30:24 [DEBUG] Window start 528, score=0.70
2026-09-05 21:30:24 [DEBUG] Window start 532, score=0.53
2026-09-05 21:30:24 [DEBUG] Window start 534, score=0.55
2026-09-05 21:30:24 [DEBUG] Window start 541, score=0.58
2026-09-05 21:30:24 [DEBUG] Window start 543, score=0.70
2026-09-05 21:30:24 [DEBUG] Window start 556, score=0.63
2026-09-05 21:30:24 [DEBUG] Window start 557, score=0.70
2026-09-05 21:30:24 [DEBUG] Window start 559, score=0.53
2026-09-05 21:30:24 [DEBUG] Window start 560, score=0.53
2026-09-05 21:30:24 [DEBUG] Window start 563, score=0.53
2026-09-05 21:30:24 [DEBUG] Window start 582, score=0.53
2026-09-05 21:30:24 [DEBUG] Window start 583, score=0.55
2026-09-05 21:30:24 [DEBUG] Window start 584, score=0.51
2026-09-05 21:30:24 [DEBUG] Window start 587, score=0.53
2026-09-05 21:30:24 [DEBUG] Window start 625, score=0.57
2026-09-05 21:30:24 [DEBUG] Window start 626, score=0.64
2026-09-05 21:30:24 [DEBUG] Window start 627, score=0.64
2026-09-05 21:30:24 [DEBUG] Window start 629, score=0.55
2026-09-05 21:30:24 [DEBUG] Window start 630, score=0.57
2026-09-05 21:30:24 [DEBUG] Window start 637, score=0.59
2026-09-05 21:30:24 [DEBUG] Window start 652, score=0.52
2026-09-05 21:30:24 [DEBUG] Window start 674, score=0.59
2026-09-05 21:30:24 [DEBUG] Window start 691, score=0.70
2026-09-05 21:30:24 [DEBUG] Window start 693, score=0.73
2026-09-05 21:30:24 [DEBUG] Window start 721, score=0.62
2026-09-05 21:30:24 [DEBUG] Window start 722, score=0.52
2026-09-05 21:30:24 [DEBUG] Window start 731, score=0.63
2026-09-05 21:30:24 [DEBUG] Window start 736, score=0.53
2026-09-05 21:30:24 [DEBUG] Window start 739, score=0.73
2026-09-05 21:30:24 [DEBUG] Window start 741, score=0.59
2026-09-05 21:30:24 [DEBUG] Window start 743, score=0.56
2026-09-05 21:30:24 [DEBUG] Window start 745, score=0.58
2026-09-05 21:30:24 [DEBUG] Window start 747, score=0.56
2026-09-05 21:30:24 [DEBUG] Window start 749, score=0.55
2026-09-05 21:30:24 [DEBUG] Window start 751, score=0.57
2026-09-05 21:30:24 [DEBUG] Window start 753, score=0.62
2026-09-05 21:30:24 [DEBUG] Window start 755, score=0.58
2026-09-05 21:30:24 [DEBUG] Window start 778, score=0.57
2026-09-05 21:30:24 [DEBUG] Window start 781, score=0.52
2026-09-05 21:30:24 [DEBUG] Window start 800, score=0.53
2026-09-05 21:30:24 [DEBUG] Window start 808, score=0.53
2026-09-05 21:30:24 [DEBUG] Window start 818, score=0.67
2026-09-05 21:30:24 [DEBUG] Window start 819, score=0.52
2026-09-05 21:30:24 [DEBUG] Window start 820, score=0.57
2026-09-05 21:30:24 [DEBUG] Window start 821, score=0.53
2026-09-05 21:30:24 [DEBUG] Window start 824, score=0.53
2026-09-05 21:30:24 [DEBUG] Window start 842, score=0.73
2026-09-05 21:30:24 [DEBUG] Window start 845, score=0.57
2026-09-05 21:30:24 [DEBUG] Window start 848, score=0.70
2026-09-05 21:30:24 [DEBUG] Window start 849, score=0.57
2026-09-05 21:30:24 [DEBUG] Window start 850, score=0.57
2026-09-05 21:30:24 [ERROR] Skor tertinggi=0.00 (threshold=0.8)
2026-09-05 21:30:24 [ERROR] Top 5 skor:
2026-09-05 21:30:24 [ERROR]   #1: start=91, score=0.75 -> display: 'inline-flex', alignItems: 'center',...
2026-09-05 21:30:24 [ERROR]   #2: start=693, score=0.73 -> requestAnimationFrame(() => mountCharts(rawData));...
2026-09-05 21:30:24 [ERROR]   #3: start=739, score=0.73 -> if (type === 'Pergerakan Harga') {...
2026-09-05 21:30:24 [ERROR]   #4: start=842, score=0.73 -> refs.searchDropdown.style.display = 'none';...
2026-09-05 21:30:24 [ERROR]   #5: start=110, score=0.72 -> cursor: isBlacklisted && statusReason ? 'pointer' : 'default',...
2026-09-05 21:30:24 [WARNING] Fuzzy juga gagal. Mencoba literal...
2026-09-05 21:30:24 [DEBUG] Keyword fallback di baris 0-855
2026-09-05 21:30:24 [DEBUG] js/pages/stocks.js: anchor '/  ─── ApexCharts helpers ─── /...' → baris 0-855 (segmen 0-854)
2026-09-05 21:30:24 [DEBUG]    1: /* pages/stocks.js — Stock Analysis (Anti-Slop, ApexCharts) */
2026-09-05 21:30:24 [DEBUG]    2: import { $, on, createEl } from '../utils/dom.js';
2026-09-05 21:30:24 [DEBUG]    3: import { icons } from '../ui/icons.js';
2026-09-05 21:30:24 [DEBUG]    4: import Api from '../core/api.js';
2026-09-05 21:30:24 [DEBUG]    5: import { toast } from '../ui/toast.js';
2026-09-05 21:30:24 [DEBUG]    6: import { loadApexCharts, buildBaseOptions, renderChart, destroyChart, normalizeDate } from '../ui/chart.js';
2026-09-05 21:30:24 [DEBUG]    7: 
2026-09-05 21:30:24 [DEBUG]    8: /* ─── Inline Models ─── */
2026-09-05 21:30:24 [DEBUG]    9: class StockListItem {
2026-09-05 21:30:24 [DEBUG]    10:   constructor(data = {}) {
2026-09-05 21:30:24 [DEBUG]    11:     this.ticker = data.ticker || '';
2026-09-05 21:30:24 [DEBUG]    12:     this.companyName = data.company_name || '';
2026-09-05 21:30:24 [DEBUG]    13:     this.sector = data.sector || null;
2026-09-05 21:30:24 [DEBUG]    14:     this.primarySector = data.primary_sector || null;
2026-09-05 21:30:24 [DEBUG]    15:     this.subSector = data.sub_sector || null;
2026-09-05 21:30:24 [DEBUG]    16:     this.labelDelisted = data.label_delisted ?? null;
2026-09-05 21:30:24 [DEBUG]    17:     this.stockStatus = data.stock_status || null;
2026-09-05 21:30:24 [DEBUG]    18:     this.statusReason = data.status_reason || null;
2026-09-05 21:30:24 [DEBUG]    19:   }
2026-09-05 21:30:24 [DEBUG]    20:   get isDelisted() { return this.labelDelisted === 1; }
2026-09-05 21:30:24 [DEBUG]    21:   get isBlacklisted() { return this.stockStatus === 'blacklist'; }
2026-09-05 21:30:24 [DEBUG]    22: }
2026-09-05 21:30:24 [DEBUG]    23: 
2026-09-05 21:30:24 [DEBUG]    24: class StockDataPoint {
2026-09-05 21:30:24 [DEBUG]    25:   constructor(data = {}) {
2026-09-05 21:30:24 [DEBUG]    26:     this.date = data.date || data.trade_date || '';
2026-09-05 21:30:24 [DEBUG]    27:     this.close = (data.close ?? 0) * 1;
2026-09-05 21:30:24 [DEBUG]    28:     this.open = (data.open ?? 0) * 1;
2026-09-05 21:30:24 [DEBUG]    29:     this.high = (data.high ?? 0) * 1;
2026-09-05 21:30:24 [DEBUG]    30:     this.low = (data.low ?? 0) * 1;
2026-09-05 21:30:24 [DEBUG]    31:     this.volume = (data.volume ?? 0) * 1;
2026-09-05 21:30:24 [DEBUG]    32:     this.value = (data.value ?? 0) * 1;
2026-09-05 21:30:24 [DEBUG]    33:     this.frequency = (data.frequency ?? 0) * 1;
2026-09-05 21:30:24 [DEBUG]    34:     this.foreignBuy = (data.foreign_buy ?? 0) * 1;
2026-09-05 21:30:24 [DEBUG]    35:     this.foreignSell = (data.foreign_sell ?? 0) * 1;
2026-09-05 21:30:24 [DEBUG]    36:     this.nonRegValue = (data.non_reg_value ?? 0) * 1;
2026-09-05 21:30:24 [DEBUG]    37:     this.nonRegFreq = (data.non_reg_freq ?? 0) * 1;
2026-09-05 21:30:24 [DEBUG]    38:     this.netForeign = (data.net_foreign ?? 0) * 1;
2026-09-05 21:30:24 [DEBUG]    39:     this.atv = (data.atv ?? 0) * 1;
2026-09-05 21:30:24 [DEBUG]    40:     this.biiScore = (data.bii_score ?? 50) * 1;
2026-09-05 21:30:24 [DEBUG]    41:     this.prevPrice = (data.prev_price ?? 0) * 1;
2026-09-05 21:30:24 [DEBUG]    42:     this.change = (data.change ?? 0) * 1;
2026-09-05 21:30:24 [DEBUG]    43:   }
2026-09-05 21:30:24 [DEBUG]    44: }
2026-09-05 21:30:24 [DEBUG]    45: 
2026-09-05 21:30:24 [DEBUG]    46: class StockSummary {
2026-09-05 21:30:24 [DEBUG]    47:   constructor(data = {}) {
2026-09-05 21:30:24 [DEBUG]    48:     this.priceChangePct = (data.price_change_pct ?? 0) * 1;
2026-09-05 21:30:24 [DEBUG]    49:     this.latestPrice = (data.latest_price ?? 0) * 1;
2026-09-05 21:30:24 [DEBUG]    50:     this.latestBiiScore = (data.latest_bii_score ?? 0) * 1;
2026-09-05 21:30:24 [DEBUG]    51:     this.totalNetForeign = (data.total_net_foreign ?? 0) * 1;
2026-09-05 21:30:24 [DEBUG]    52:     this.avgBiiScore = (data.avg_bii_score ?? 0) * 1;
2026-09-05 21:30:24 [DEBUG]    53:     this.foreignDominationPct = (data.foreign_domination_pct ?? 0) * 1;
2026-09-05 21:30:24 [DEBUG]    54:     this.totalValue = (data.total_value ?? 0) * 1;
2026-09-05 21:30:24 [DEBUG]    55:     this.totalVolume = (data.total_volume ?? 0) * 1;
2026-09-05 21:30:24 [DEBUG]    56:   }
2026-09-05 21:30:24 [DEBUG]    57: }
2026-09-05 21:30:24 [DEBUG]    58: 
2026-09-05 21:30:24 [DEBUG]    59: class StockAnalysis {
2026-09-05 21:30:24 [DEBUG]    60:   constructor(data = {}) {
2026-09-05 21:30:24 [DEBUG]    61:     this.ticker = data.ticker || '';
2026-09-05 21:30:24 [DEBUG]    62:     this.companyName = data.company_name || '';
2026-09-05 21:30:24 [DEBUG]    63:     this.sector = data.sector || null;
2026-09-05 21:30:24 [DEBUG]    64:     this.primarySector = data.primary_sector || null;
2026-09-05 21:30:24 [DEBUG]    65:     this.subSector = data.sub_sector || null;
2026-09-05 21:30:24 [DEBUG]    66:     this.labelDelisted = data.label_delisted ?? null;
2026-09-05 21:30:24 [DEBUG]    67:     this.stockStatus = data.stock_status || null;
2026-09-05 21:30:24 [DEBUG]    68:     this.statusReason = data.status_reason || null;
2026-09-05 21:30:24 [DEBUG]    69:     this.coreBusiness = data.core_business || null;
2026-09-05 21:30:24 [DEBUG]    70:     this.periodDays = (data.period_days ?? 90) * 1;
2026-09-05 21:30:24 [DEBUG]    71:     this.data = (data.data || []).map(d => new StockDataPoint(d));
2026-09-05 21:30:24 [DEBUG]    72:     this.summary = new StockSummary(data.summary || {});
2026-09-05 21:30:24 [DEBUG]    73:   }
2026-09-05 21:30:24 [DEBUG]    74: }
2026-09-05 21:30:24 [DEBUG]    75: 
2026-09-05 21:30:24 [DEBUG]    76: /* ─── Inline Widgets ─── */
2026-09-05 21:30:24 [DEBUG]    77: const SECTOR_COLORS = {
2026-09-05 21:30:24 [DEBUG]    78:   'Energi': '#E86452', 'Primer': '#6DC8EC', 'Layanan Kesehatan': '#00C87A',
2026-09-05 21:30:24 [DEBUG]    79:   'Industri': '#F6903D', 'Keuangan': '#5B8FF9', 'Utilitas': '#9270CA',
2026-09-05 21:30:24 [DEBUG]    80:   'Teknologi': '#7B61FF', 'Konsumer Non-Siklis': '#5AD8A6',
2026-09-05 21:30:24 [DEBUG]    81:   'Konsumer Siklis': '#F6C022', 'Properti & Real Estat': '#D94B4B',
2026-09-05 21:30:24 [DEBUG]    82:   'Infrastruktur': '#90A4AE',
2026-09-05 21:30:24 [DEBUG]    83: };
2026-09-05 21:30:24 [DEBUG]    84: 
2026-09-05 21:30:24 [DEBUG]    85: function sectorColorFn(sector) { return SECTOR_COLORS[sector] || '#64748B'; }
2026-09-05 21:30:24 [DEBUG]    86: 
2026-09-05 21:30:24 [DEBUG]    87: function StockSectorBadge(label, small = false) {
2026-09-05 21:30:24 [DEBUG]    88:   if (!label) return null;
2026-09-05 21:30:24 [DEBUG]    89:   const color = sectorColorFn(label);
2026-09-05 21:30:24 [DEBUG]    90:   const el = createEl('span', {
2026-09-05 21:30:24 [DEBUG]    91:     style: {
2026-09-05 21:30:24 [DEBUG]    92:       display: 'inline-flex', alignItems: 'center',
2026-09-05 21:30:24 [DEBUG]    93:       padding: small ? '1px 6px' : '3px 8px',
2026-09-05 21:30:24 [DEBUG]    94:       background: color + '26', border: `1px solid ${color}4D`,
2026-09-05 21:30:24 [DEBUG]    95:       borderRadius: '10px', fontSize: small ? 'var(--text-xs)' : 'var(--text-sm)',
2026-09-05 21:30:24 [DEBUG]    96:       fontWeight: 600, color: color, lineHeight: 1.4,
2026-09-05 21:30:24 [DEBUG]    97:     }
2026-09-05 21:30:24 [DEBUG]    98:   });
2026-09-05 21:30:24 [DEBUG]    99:   el.textContent = label;
2026-09-05 21:30:24 [DEBUG]    100:   return el;
2026-09-05 21:30:24 [DEBUG]    101: }
2026-09-05 21:30:24 [DEBUG]    102: 
2026-09-05 21:30:24 [DEBUG]    103: function DelistedBadge({ labelDelisted, stockStatus, statusReason, small = false }) {
2026-09-05 21:30:24 [DEBUG]    104:   const isBlacklisted = stockStatus === 'blacklist';
2026-09-05 21:30:24 [DEBUG]    105:   const isDelisted = labelDelisted === 1;
2026-09-05 21:30:24 [DEBUG]    106:   const el = createEl('span', {
2026-09-05 21:30:24 [DEBUG]    107:     style: {
2026-09-05 21:30:24 [DEBUG]    108:       display: 'inline-flex', alignItems: 'center', gap: '2px',
2026-09-05 21:30:24 [DEBUG]    109:       padding: small ? '1px 4px' : '2px 6px', borderRadius: '8px',
2026-09-05 21:30:24 [DEBUG]    110:       fontSize: small ? 'var(--text-xs)' : 'var(--text-sm)', fontWeight: 600,
2026-09-05 21:30:24 [DEBUG]    111:       cursor: isBlacklisted && statusReason ? 'pointer' : 'default',
2026-09-05 21:30:24 [DEBUG]    112:     }
2026-09-05 21:30:24 [DEBUG]    113:   });
2026-09-05 21:30:24 [DEBUG]    114:   if (isBlacklisted) {
2026-09-05 21:30:24 [DEBUG]    115:     el.style.background = 'rgba(217, 119, 6, 0.12)';
2026-09-05 21:30:24 [DEBUG]    116:     el.style.color = 'var(--c-warn)';
2026-09-05 21:30:24 [DEBUG]    117:     el.innerHTML = `${icons['alert-circle']} <span>Blacklist</span>`;
2026-09-05 21:30:24 [DEBUG]    118:     if (statusReason) {
2026-09-05 21:30:24 [DEBUG]    119:       on(el, 'click', () => {
2026-09-05 21:30:24 [DEBUG]    120:         const overlay = createEl('div', {
2026-09-05 21:30:24 [DEBUG]    121:           style: {
2026-09-05 21:30:24 [DEBUG]    122:             position: 'fixed', inset: 0, background: 'rgba(0,0,0,0.5)',
2026-09-05 21:30:24 [DEBUG]    123:             display: 'flex', alignItems: 'center', justifyContent: 'center',
2026-09-05 21:30:24 [DEBUG]    124:             zIndex: 100, padding: 'var(--s-4)',
2026-09-05 21:30:24 [DEBUG]    125:           }
2026-09-05 21:30:24 [DEBUG]    126:         });
2026-09-05 21:30:24 [DEBUG]    127:         overlay.innerHTML = `
2026-09-05 21:30:24 [DEBUG]    128:           <div style="background:var(--c-surface);border:1px solid var(--c-border);border-radius:var(--radius);max-width:420px;width:100%;">
2026-09-05 21:30:24 [DEBUG]    129:             <div style="display:flex;align-items:center;justify-content:space-between;padding:var(--s-4);border-bottom:1px solid var(--c-border);">
2026-09-05 21:30:24 [DEBUG]    130:               <h3 style="font-size:var(--text-md);font-weight:600;">Alasan Blacklist</h3>
2026-09-05 21:30:24 [DEBUG]    131:               <button class="btn btn--ghost btn--sm" style="padding:var(--s-1);width:28px;height:28px;min-width:28px;min-height:28px;" onclick="this.closest('.modal-overlay').remove()">${icons['x']}</button>
2026-09-05 21:30:24 [DEBUG]    132:             </div>
2026-09-05 21:30:24 [DEBUG]    133:             <div style="padding:var(--s-4);"><p style="font-size:var(--text-sm);line-height:1.6;color:var(--c-text);">${statusReason}</p></div>
2026-09-05 21:30:24 [DEBUG]    134:           </div>
2026-09-05 21:30:24 [DEBUG]    135:         `;
2026-09-05 21:30:24 [DEBUG]    136:         overlay.className = 'modal-overlay';
2026-09-05 21:30:24 [DEBUG]    137:         overlay.onclick = (e) => { if (e.target === overlay) overlay.remove(); };
2026-09-05 21:30:24 [DEBUG]    138:         document.body.appendChild(overlay);
2026-09-05 21:30:24 [DEBUG]    139:       });
2026-09-05 21:30:24 [DEBUG]    140:     }
2026-09-05 21:30:24 [DEBUG]    141:   } else {
2026-09-05 21:30:24 [DEBUG]    142:     const color = isDelisted ? 'var(--c-danger)' : 'var(--c-accent)';
2026-09-05 21:30:24 [DEBUG]    143:     const bg = isDelisted ? 'rgba(220, 38, 38, 0.12)' : 'rgba(5, 150, 105, 0.12)';
2026-09-05 21:30:24 [DEBUG]    144:     el.style.background = bg; el.style.color = color;
2026-09-05 21:30:24 [DEBUG]    145:     const iconSvg = isDelisted
2026-09-05 21:30:24 [DEBUG]    146:       ? '<svg width="12" height="12" viewBox="0 0 24 24" fill="none" stroke="currentColor" stroke-width="2.5"><line x1="18" y1="6" x2="6" y2="18"/><line x1="6" y1="6" x2="18" y2="18"/></svg>'
2026-09-05 21:30:24 [DEBUG]    147:       : icons['check'];
2026-09-05 21:30:24 [DEBUG]    148:     el.innerHTML = `${iconSvg} <span>${isDelisted ? 'Delisted' : 'Aktif'}</span>`;
2026-09-05 21:30:24 [DEBUG]    149:   }
2026-09-05 21:30:24 [DEBUG]    150:   return el;
2026-09-05 21:30:24 [DEBUG]    151: }
2026-09-05 21:30:24 [DEBUG]    152: 
2026-09-05 21:30:24 [DEBUG]    153: function StockInfoCard(stock) {
2026-09-05 21:30:24 [DEBUG]    154:   const hasSector = !!(stock.sector || stock.primarySector);
2026-09-05 21:30:24 [DEBUG]    155:   const hasCore = !!(stock.coreBusiness && stock.coreBusiness.length > 0);
2026-09-05 21:30:24 [DEBUG]    156:   if (!hasSector && !hasCore && stock.labelDelisted == null) return null;
2026-09-05 21:30:24 [DEBUG]    157:   const card = createEl('div', { class: 'card', style: { marginTop: 'var(--s-3)', background: 'var(--c-surface-2)' } });
2026-09-05 21:30:24 [DEBUG]    158:   let html = `<div style="display:flex;align-items:center;gap:var(--s-2);margin-bottom:var(--s-3);">
2026-09-05 21:30:24 [DEBUG]    159:     <span style="color:var(--c-primary);">${icons['globe']}</span>
2026-09-05 21:30:24 [DEBUG]    160:     <span style="font-size:var(--text-sm);font-weight:700;">Info Sektor</span>
2026-09-05 21:30:24 [DEBUG]    161:     <span style="margin-left:auto;"></span>
2026-09-05 21:30:24 [DEBUG]    162:   </div>`;
2026-09-05 21:30:24 [DEBUG]    163:   if (stock.sector) html += `<div style="display:flex;gap:var(--s-2);margin-bottom:var(--s-1);"><span style="width:120px;flex-shrink:0;font-size:var(--text-sm);font-weight:600;color:var(--c-text-2);">Sektor</span><span style="font-size:var(--text-sm);color:var(--c-text);">${stock.sector}</span></div>`;
2026-09-05 21:30:24 [DEBUG]    164:   if (stock.primarySector) html += `<div style="display:flex;gap:var(--s-2);margin-bottom:var(--s-1);"><span style="width:120px;flex-shrink:0;font-size:var(--text-sm);font-weight:600;color:var(--c-text-2);">Sub Sektor Primer</span><span style="font-size:var(--text-sm);color:var(--c-text);">${stock.primarySector}</span></div>`;
2026-09-05 21:30:24 [DEBUG]    165:   if (stock.subSector) html += `<div style="display:flex;gap:var(--s-2);margin-bottom:var(--s-1);"><span style="width:120px;flex-shrink:0;font-size:var(--text-sm);font-weight:600;color:var(--c-text-2);">Sub Sektor</span><span style="font-size:var(--text-sm);color:var(--c-text);">${stock.subSector}</span></div>`;
2026-09-05 21:30:24 [DEBUG]    166:   if (stock.sector || stock.subSector) {
2026-09-05 21:30:24 [DEBUG]    167:     html += `<div style="display:flex;gap:var(--s-1);flex-wrap:wrap;margin-top:var(--s-2);">`;
2026-09-05 21:30:24 [DEBUG]    168:     if (stock.sector) { const b = StockSectorBadge(stock.sector); if (b) html += b.outerHTML; }
2026-09-05 21:30:24 [DEBUG]    169:     if (stock.primarySector) { const b = StockSectorBadge(stock.primarySector, true); if (b) html += b.outerHTML; }
2026-09-05 21:30:24 [DEBUG]    170:     if (stock.subSector) { const b = StockSectorBadge(stock.subSector, true); if (b) html += b.outerHTML; }
2026-09-05 21:30:24 [DEBUG]    171:     html += `</div>`;
2026-09-05 21:30:24 [DEBUG]    172:   }
2026-09-05 21:30:24 [DEBUG]    173:   if (hasCore) {
2026-09-05 21:30:24 [DEBUG]    174:     html += `<div style="margin-top:var(--s-3);padding-top:var(--s-3);border-top:1px solid var(--c-border);">
2026-09-05 21:30:24 [DEBUG]    175:       <div style="font-size:var(--text-xs);font-weight:600;color:var(--c-text-2);margin-bottom:var(--s-1);">Bisnis Inti</div>
2026-09-05 21:30:24 [DEBUG]    176:       <p style="font-size:var(--text-sm);line-height:1.5;color:var(--c-text-2);">${stock.coreBusiness}</p>
2026-09-05 21:30:24 [DEBUG]    177:     </div>`;
2026-09-05 21:30:24 [DEBUG]    178:     const query = encodeURIComponent(`Apa itu saham ${stock.ticker} (${stock.companyName})?`);
2026-09-05 21:30:24 [DEBUG]    179:     html += `<a href="https://www.google.com/search?udm=50&q=${query}" target="_blank" rel="noopener" class="btn btn--secondary" style="margin-top:var(--s-3);width:100%;font-size:var(--text-sm);justify-content:center;">${icons['search']} Pelajari ${stock.companyName}</a>`;
2026-09-05 21:30:24 [DEBUG]    180:   }
2026-09-05 21:30:24 [DEBUG]    181:   card.innerHTML = html;
2026-09-05 21:30:24 [DEBUG]    182:   const headSpan = card.querySelector('span:last-child');
2026-09-05 21:30:24 [DEBUG]    183:   if (headSpan) {
2026-09-05 21:30:24 [DEBUG]    184:     const badge = DelistedBadge({ labelDelisted: stock.labelDelisted, stockStatus: stock.stockStatus, statusReason: stock.statusReason });
2026-09-05 21:30:24 [DEBUG]    185:     if (badge) headSpan.appendChild(badge);
2026-09-05 21:30:24 [DEBUG]    186:   }
2026-09-05 21:30:24 [DEBUG]    187:   return card;
2026-09-05 21:30:24 [DEBUG]    188: }
2026-09-05 21:30:24 [DEBUG]    189: 
2026-09-05 21:30:24 [DEBUG]    190: /* ─── Constants ─── */
2026-09-05 21:30:24 [DEBUG]    191: const PERIODS = [30, 60, 90, 180, 365];
2026-09-05 21:30:24 [DEBUG]    192: const COMPARE_COLORS = ['#00A86B', '#5B8FF9', '#F6903D', '#E86452', '#9270CA', '#5AD8A6', '#6DC8EC', '#F6C022'];
2026-09-05 21:30:24 [DEBUG]    193: 
2026-09-05 21:30:24 [DEBUG]    194: /* ─── Formatters ─── */
2026-09-05 21:30:24 [DEBUG]    195: function fmtPrice(v) {
2026-09-05 21:30:24 [DEBUG]    196:   if (v == null) return '-';
2026-09-05 21:30:24 [DEBUG]    197:   return new Intl.NumberFormat('id-ID', { maximumFractionDigits: 0 }).format(v);
2026-09-05 21:30:24 [DEBUG]    198: }
2026-09-05 21:30:24 [DEBUG]    199: 
2026-09-05 21:30:24 [DEBUG]    200: function fmtS(v) {
2026-09-05 21:30:24 [DEBUG]    201:   if (v == null) return '-';
2026-09-05 21:30:24 [DEBUG]    202:   const n = Number(v), s = n < 0 ? '-' : '', a = Math.abs(n);
2026-09-05 21:30:24 [DEBUG]    203:   if (a >= 1e12) return s + (a / 1e12).toFixed(1) + 'T';
2026-09-05 21:30:24 [DEBUG]    204:   if (a >= 1e9) return s + (a / 1e9).toFixed(1) + 'B';
2026-09-05 21:30:24 [DEBUG]    205:   if (a >= 1e6) return s + (a / 1e6).toFixed(1) + 'M';
2026-09-05 21:30:24 [DEBUG]    206:   return s + a.toFixed(0);
2026-09-05 21:30:24 [DEBUG]    207: }
2026-09-05 21:30:24 [DEBUG]    208: 
2026-09-05 21:30:24 [DEBUG]    209: function compact(v) {
2026-09-05 21:30:24 [DEBUG]    210:   if (v == null) return '-';
2026-09-05 21:30:24 [DEBUG]    211:   const n = Number(v), s = n < 0 ? '-' : '', a = Math.abs(n);
2026-09-05 21:30:24 [DEBUG]    212:   if (a >= 1e12) return s + (a / 1e12).toFixed(1) + 'T';
2026-09-05 21:30:24 [DEBUG]    213:   if (a >= 1e9) return s + (a / 1e9).toFixed(1) + 'B';
2026-09-05 21:30:24 [DEBUG]    214:   if (a >= 1e6) return s + (a / 1e6).toFixed(1) + 'M';
2026-09-05 21:30:24 [DEBUG]    215:   return s + a.toFixed(0);
2026-09-05 21:30:24 [DEBUG]    216: }
2026-09-05 21:30:24 [DEBUG]    217: 
2026-09-05 21:30:24 [DEBUG]    218: function dateLabel(dateStr) {
2026-09-05 21:30:24 [DEBUG]    219:   const d = new Date(dateStr);
2026-09-05 21:30:24 [DEBUG]    220:   if (isNaN(d)) return dateStr;
2026-09-05 21:30:24 [DEBUG]    221:   const months = ['Jan', 'Feb', 'Mar', 'Apr', 'Mei', 'Jun', 'Jul', 'Agu', 'Sep', 'Okt', 'Nov', 'Des'];
2026-09-05 21:30:24 [DEBUG]    222:   return `${d.getDate()} ${months[d.getMonth()]}`;
2026-09-05 21:30:24 [DEBUG]    223: }
2026-09-05 21:30:24 [DEBUG]    224: 
2026-09-05 21:30:24 [DEBUG]    225: /* ─── ApexCharts helpers ─── */
2026-09-05 21:30:24 [DEBUG]    226: function toTs(dateStr) {
2026-09-05 21:30:24 [DEBUG]    227:   const d = new Date(normalizeDate(dateStr));
2026-09-05 21:30:24 [DEBUG]    228:   return isNaN(d) ? 0 : d.getTime();
2026-09-05 21:30:24 [DEBUG]    229: }
2026-09-05 21:30:24 [DEBUG]    230: 
2026-09-05 21:30:24 [DEBUG]    231: function buildPriceChartApex(container, data) {
2026-09-05 21:30:24 [DEBUG]    232:   const opts = buildBaseOptions({ height: 270, type: 'line' });
2026-09-05 21:30:24 [DEBUG]    233:   opts.colors = ['#00A86B'];
2026-09-05 21:30:24 [DEBUG]    234:   opts.stroke.width = 2.5;
2026-09-05 21:30:24 [DEBUG]    235:   opts.series = [{
2026-09-05 21:30:24 [DEBUG]    236:     name: 'Harga Penutupan',
2026-09-05 21:30:24 [DEBUG]    237:     data: data.filter(d => d.date && d.close != null).map(d => ({ x: toTs(d.date), y: d.close })),
2026-09-05 21:30:24 [DEBUG]    238:   }];
2026-09-05 21:30:24 [DEBUG]    239:   return renderChart(container, opts);
2026-09-05 21:30:24 [DEBUG]    240: }
2026-09-05 21:30:24 [DEBUG]    241: 
2026-09-05 21:30:24 [DEBUG]    242: function buildBarChartApex(container, data, color) {
2026-09-05 21:30:24 [DEBUG]    243:   const opts = buildBaseOptions({ height: 200, type: 'bar' });
2026-09-05 21:30:24 [DEBUG]    244:   opts.colors = [color];
2026-09-05 21:30:24 [DEBUG]    245:   opts.plotOptions = { bar: { columnWidth: '60%', borderRadius: 2, borderRadiusApplication: 'end' } };
2026-09-05 21:30:24 [DEBUG]    246:   opts.series = [{
2026-09-05 21:30:24 [DEBUG]    247:     name: 'Value',
2026-09-05 21:30:24 [DEBUG]    248:     data: data.filter(d => d.time && d.value != null).map(d => ({ x: toTs(d.time), y: d.value })),
2026-09-05 21:30:24 [DEBUG]    249:   }];
2026-09-05 21:30:24 [DEBUG]    250:   return renderChart(container, opts);
2026-09-05 21:30:24 [DEBUG]    251: }
2026-09-05 21:30:24 [DEBUG]    252: 
2026-09-05 21:30:24 [DEBUG]    253: function buildForeignChartApex(container, data) {
2026-09-05 21:30:24 [DEBUG]    254:   const opts = buildBaseOptions({ height: 210, type: 'bar' });
2026-09-05 21:30:24 [DEBUG]    255:   opts.plotOptions = {
2026-09-05 21:30:24 [DEBUG]    256:     bar: {
2026-09-05 21:30:24 [DEBUG]    257:       columnWidth: '55%',
2026-09-05 21:30:24 [DEBUG]    258:       borderRadius: 0,
2026-09-05 21:30:24 [DEBUG]    259:       colors: {
2026-09-05 21:30:24 [DEBUG]    260:         ranges: [
2026-09-05 21:30:24 [DEBUG]    261:           { from: -Infinity, to: -0.0001, color: '#D94B4B' },
2026-09-05 21:30:24 [DEBUG]    262:           { from: 0, to: Infinity, color: '#00A86B' },
2026-09-05 21:30:24 [DEBUG]    263:         ],
2026-09-05 21:30:24 [DEBUG]    264:       },
2026-09-05 21:30:24 [DEBUG]    265:     },
2026-09-05 21:30:24 [DEBUG]    266:   };
2026-09-05 21:30:24 [DEBUG]    267:   opts.series = [{
2026-09-05 21:30:24 [DEBUG]    268:     name: 'Net Foreign',
2026-09-05 21:30:24 [DEBUG]    269:     data: data.filter(d => d.date && d.netForeign != null).map(d => ({ x: toTs(d.date), y: d.netForeign })),
2026-09-05 21:30:24 [DEBUG]    270:   }];
2026-09-05 21:30:24 [DEBUG]    271:   opts.tooltip.y = { formatter: (v) => (v >= 0 ? '+' : '') + fmtS(v) };
2026-09-05 21:30:24 [DEBUG]    272:   return renderChart(container, opts);
2026-09-05 21:30:24 [DEBUG]    273: }
2026-09-05 21:30:24 [DEBUG]    274: 
2026-09-05 21:30:24 [DEBUG]    275: function buildLineChartApex(container, data, color) {
2026-09-05 21:30:24 [DEBUG]    276:   const opts = buildBaseOptions({ height: 210, type: 'line' });
2026-09-05 21:30:24 [DEBUG]    277:   opts.colors = [color];
2026-09-05 21:30:24 [DEBUG]    278:   opts.stroke.width = 2.5;
2026-09-05 21:30:24 [DEBUG]    279:   opts.series = [{
2026-09-05 21:30:24 [DEBUG]    280:     name: 'Value',
2026-09-05 21:30:24 [DEBUG]    281:     data: data.filter(d => d.time && d.close != null).map(d => ({ x: toTs(d.time), y: d.close })),
2026-09-05 21:30:24 [DEBUG]    282:   }];
2026-09-05 21:30:24 [DEBUG]    283:   return renderChart(container, opts);
2026-09-05 21:30:24 [DEBUG]    284: }
2026-09-05 21:30:24 [DEBUG]    285: 
2026-09-05 21:30:24 [DEBUG]    286: function buildCompareChartApex(container, primaryData, compareData, compareTickers, primaryTicker) {
2026-09-05 21:30:24 [DEBUG]    287:   const opts = buildBaseOptions({ height: 300, type: 'line' });
2026-09-05 21:30:24 [DEBUG]    288:   opts.colors = COMPARE_COLORS;
2026-09-05 21:30:24 [DEBUG]    289:   opts.stroke.width = [2.5, 2, 2, 2, 2, 2, 2, 2];
2026-09-05 21:30:24 [DEBUG]    290:   opts.yaxis.labels.formatter = (v) => {
2026-09-05 21:30:24 [DEBUG]    291:     if (v == null) return '';
2026-09-05 21:30:24 [DEBUG]    292:     return v.toFixed(1) + '%';
2026-09-05 21:30:24 [DEBUG]    293:   };
2026-09-05 21:30:24 [DEBUG]    294:   const validPrimary = primaryData.filter(d => d.date && d.close != null);
2026-09-05 21:30:24 [DEBUG]    295:   const base1 = validPrimary[0]?.close || 1;
2026-09-05 21:30:24 [DEBUG]    296:   const series = [{
2026-09-05 21:30:24 [DEBUG]    297:     name: primaryTicker,
2026-09-05 21:30:24 [DEBUG]    298:     data: validPrimary.map(d => ({ x: toTs(d.date), y: ((d.close - base1) / base1) * 100 })),
2026-09-05 21:30:24 [DEBUG]    299:   }];
2026-09-05 21:30:24 [DEBUG]    300:   compareTickers.forEach((t) => {
2026-09-05 21:30:24 [DEBUG]    301:     const cd = compareData[t];
2026-09-05 21:30:24 [DEBUG]    302:     if (!cd || !cd.length) return;
2026-09-05 21:30:24 [DEBUG]    303:     const validCd = cd.filter(d => d.date && d.close != null);
2026-09-05 21:30:24 [DEBUG]    304:     const base = validCd[0]?.close || 1;
2026-09-05 21:30:24 [DEBUG]    305:     series.push({
2026-09-05 21:30:24 [DEBUG]    306:       name: t,
2026-09-05 21:30:24 [DEBUG]    307:       data: validCd.map(d => ({ x: toTs(d.date), y: ((d.close - base) / base) * 100 })),
2026-09-05 21:30:24 [DEBUG]    308:     });
2026-09-05 21:30:24 [DEBUG]    309:   });
2026-09-05 21:30:24 [DEBUG]    310:   opts.series = series;
2026-09-05 21:30:24 [DEBUG]    311:   return renderChart(container, opts);
2026-09-05 21:30:24 [DEBUG]    312: }
2026-09-05 21:30:24 [DEBUG]    313: 
2026-09-05 21:30:24 [DEBUG]    314: /* ─── State ─── */
2026-09-05 21:30:24 [DEBUG]    315: const state = {
2026-09-05 21:30:24 [DEBUG]    316:   searchTerm: '', searchResults: [], searching: false,
2026-09-05 21:30:24 [DEBUG]    317:   selectedTicker: '', days: 30, analysis: null, loading: false,
2026-09-05 21:30:24 [DEBUG]    318:   compareMode: false, compareTickers: [], compareData: {}, compareLoading: false,
2026-09-05 21:30:24 [DEBUG]    319:   charts: [],
2026-09-05 21:30:24 [DEBUG]    320: };
2026-09-05 21:30:24 [DEBUG]    321: 
2026-09-05 21:30:24 [DEBUG]    322: /* ─── API ─── */
2026-09-05 21:30:24 [DEBUG]    323: async function doSearch(q) {
2026-09-05 21:30:24 [DEBUG]    324:   if (!q.trim()) { state.searchResults = []; return; }
2026-09-05 21:30:24 [DEBUG]    325:   state.searching = true;
2026-09-05 21:30:24 [DEBUG]    326:   renderSearchDropdown();
2026-09-05 21:30:24 [DEBUG]    327:   try {
2026-09-05 21:30:24 [DEBUG]    328:     const res = await Api.get('/idx/stocks', { q, limit: 8 });
2026-09-05 21:30:24 [DEBUG]    329:     let list = [];
2026-09-05 21:30:24 [DEBUG]    330:     if (Array.isArray(res)) {
2026-09-05 21:30:24 [DEBUG]    331:       list = res;
2026-09-05 21:30:24 [DEBUG]    332:     } else if (res && Array.isArray(res.stocks)) {
2026-09-05 21:30:24 [DEBUG]    333:       list = res.stocks;
2026-09-05 21:30:24 [DEBUG]    334:     }
2026-09-05 21:30:24 [DEBUG]    335:     state.searchResults = list.map(d => new StockListItem(d));
2026-09-05 21:30:24 [DEBUG]    336:   } catch (_) { state.searchResults = []; }
2026-09-05 21:30:24 [DEBUG]    337:   finally { state.searching = false; renderSearchDropdown(); }
2026-09-05 21:30:24 [DEBUG]    338: }
2026-09-05 21:30:24 [DEBUG]    339: 
2026-09-05 21:30:24 [DEBUG]    340: async function loadAnalysis(ticker) {
2026-09-05 21:30:24 [DEBUG]    341:   const t = ticker.toUpperCase();
2026-09-05 21:30:24 [DEBUG]    342:   state.loading = true; state.searchResults = []; state.selectedTicker = t;
2026-09-05 21:30:24 [DEBUG]    343:   state.analysis = null;
2026-09-05 21:30:24 [DEBUG]    344:   updateUI();
2026-09-05 21:30:24 [DEBUG]    345:   try {
2026-09-05 21:30:24 [DEBUG]    346:     const res = await Api.get(`/idx/stocks/${t}/analysis`, { days: state.days });
2026-09-05 21:30:24 [DEBUG]    347:     state.analysis = new StockAnalysis(res);
2026-09-05 21:30:24 [DEBUG]    348:     for (const ct of state.compareTickers) { await refreshCompare(ct); }
2026-09-05 21:30:24 [DEBUG]    349:   } catch (e) {
2026-09-05 21:30:24 [DEBUG]    350:     toast('Gagal memuat analisis: ' + (e.message || e), 'danger');
2026-09-05 21:30:24 [DEBUG]    351:     console.error('[Stocks] Analysis error:', e);
2026-09-05 21:30:24 [DEBUG]    352:   } finally {
2026-09-05 21:30:24 [DEBUG]    353:     state.loading = false;
2026-09-05 21:30:24 [DEBUG]    354:     renderAnalysis();
2026-09-05 21:30:24 [DEBUG]    355:   }
2026-09-05 21:30:24 [DEBUG]    356: }
2026-09-05 21:30:24 [DEBUG]    357: 
2026-09-05 21:30:24 [DEBUG]    358: async function addCompare(ticker) {
2026-09-05 21:30:24 [DEBUG]    359:   const t = ticker.toUpperCase();
2026-09-05 21:30:24 [DEBUG]    360:   if (state.compareTickers.includes(t)) return;
2026-09-05 21:30:24 [DEBUG]    361:   state.compareLoading = true;
2026-09-05 21:30:24 [DEBUG]    362:   renderCompareBar();
2026-09-05 21:30:24 [DEBUG]    363:   try {
2026-09-05 21:30:24 [DEBUG]    364:     const res = await Api.get(`/idx/stocks/${t}/analysis`, { days: state.days });
2026-09-05 21:30:24 [DEBUG]    365:     const analysis = new StockAnalysis(res);
2026-09-05 21:30:24 [DEBUG]    366:     if (!analysis.data.length) { toast('Tidak ada data untuk ' + t, 'warn'); state.compareLoading = false; renderCompareBar(); return; }
2026-09-05 21:30:24 [DEBUG]    367:     state.compareTickers.push(t);
2026-09-05 21:30:24 [DEBUG]    368:     state.compareData[t] = analysis.data.map(d => ({...d}));
2026-09-05 21:30:24 [DEBUG]    369:     state.compareMode = true;
2026-09-05 21:30:24 [DEBUG]    370:   } catch (e) { toast('Gagal membandingkan: ' + (e.message || e), 'danger'); }
2026-09-05 21:30:24 [DEBUG]    371:   finally { state.compareLoading = false; renderCompareBar(); renderCharts(); }
2026-09-05 21:30:24 [DEBUG]    372: }
2026-09-05 21:30:24 [DEBUG]    373: 
2026-09-05 21:30:24 [DEBUG]    374: async function refreshCompare(ticker) {
2026-09-05 21:30:24 [DEBUG]    375:   const t = ticker.toUpperCase();
2026-09-05 21:30:24 [DEBUG]    376:   if (!state.compareTickers.includes(t)) return;
2026-09-05 21:30:24 [DEBUG]    377:   try {
2026-09-05 21:30:24 [DEBUG]    378:     const res = await Api.get(`/idx/stocks/${t}/analysis`, { days: state.days });
2026-09-05 21:30:24 [DEBUG]    379:     const analysis = new StockAnalysis(res);
2026-09-05 21:30:24 [DEBUG]    380:     if (analysis.data.length) state.compareData[t] = analysis.data.map(d => ({...d}));
2026-09-05 21:30:24 [DEBUG]    381:   } catch (_) {}
2026-09-05 21:30:24 [DEBUG]    382: }
2026-09-05 21:30:24 [DEBUG]    383: 
2026-09-05 21:30:24 [DEBUG]    384: function removeCompare(ticker) {
2026-09-05 21:30:24 [DEBUG]    385:   state.compareTickers = state.compareTickers.filter(t => t !== ticker);
2026-09-05 21:30:24 [DEBUG]    386:   delete state.compareData[ticker];
2026-09-05 21:30:24 [DEBUG]    387:   if (!state.compareTickers.length) state.compareMode = false;
2026-09-05 21:30:24 [DEBUG]    388:   renderCompareBar(); renderCharts();
2026-09-05 21:30:24 [DEBUG]    389: }
2026-09-05 21:30:24 [DEBUG]    390: 
2026-09-05 21:30:24 [DEBUG]    391: /* ─── DOM ─── */
2026-09-05 21:30:24 [DEBUG]    392: let rootEl = null;
2026-09-05 21:30:24 [DEBUG]    393: let refs = {};
2026-09-05 21:30:24 [DEBUG]    394: 
2026-09-05 21:30:24 [DEBUG]    395: function clearCharts() {
2026-09-05 21:30:24 [DEBUG]    396:   state.charts.forEach(c => destroyChart(c));
2026-09-05 21:30:24 [DEBUG]    397:   state.charts = [];
2026-09-05 21:30:24 [DEBUG]    398: }
2026-09-05 21:30:24 [DEBUG]    399: 
2026-09-05 21:30:24 [DEBUG]    400: function updateUI() {
2026-09-05 21:30:24 [DEBUG]    401:   renderLoading(); renderSearchDropdown();
2026-09-05 21:30:24 [DEBUG]    402: }
2026-09-05 21:30:24 [DEBUG]    403: 
2026-09-05 21:30:24 [DEBUG]    404: /* ─── Render: Toolbar (once) ─── */
2026-09-05 21:30:24 [DEBUG]    405: function renderToolbarOnce() {
2026-09-05 21:30:24 [DEBUG]    406:   const toolbar = createEl('div', { class: 'stocks-page__toolbar' });
2026-09-05 21:30:24 [DEBUG]    407:   const row = createEl('div', { style: { position: 'relative', flex: '1 1 300px' } });
2026-09-05 21:30:24 [DEBUG]    408:   const searchWrap = createEl('div', { class: 'search', style: { width: '100%' } });
2026-09-05 21:30:24 [DEBUG]    409:   searchWrap.innerHTML = `<span class="search__icon">${icons['search']}</span>`;
2026-09-05 21:30:24 [DEBUG]    410:   const input = createEl('input', {
2026-09-05 21:30:24 [DEBUG]    411:     type: 'text', class: 'search__input stocks-page__search-input',
2026-09-05 21:30:24 [DEBUG]    412:     placeholder: 'Cari ticker (BBCA, GOTO...)', value: state.searchTerm,
2026-09-05 21:30:24 [DEBUG]    413:     'aria-label': 'Cari saham', autocomplete: 'off',
2026-09-05 21:30:24 [DEBUG]    414:   });
2026-09-05 21:30:24 [DEBUG]    415:   on(input, 'input', (e) => {
2026-09-05 21:30:24 [DEBUG]    416:     state.searchTerm = e.target.value;
2026-09-05 21:30:24 [DEBUG]    417:     clearTimeout(state._searchDebounce);
2026-09-05 21:30:24 [DEBUG]    418:     state._searchDebounce = setTimeout(() => doSearch(state.searchTerm), 300);
2026-09-05 21:30:24 [DEBUG]    419:   });
2026-09-05 21:30:24 [DEBUG]    420:   on(input, 'keydown', (e) => { if (e.key === 'Enter' && state.searchTerm.trim()) loadAnalysis(state.searchTerm.trim()); });
2026-09-05 21:30:24 [DEBUG]    421:   searchWrap.appendChild(input);
2026-09-05 21:30:24 [DEBUG]    422:   row.appendChild(searchWrap);
2026-09-05 21:30:24 [DEBUG]    423: 
2026-09-05 21:30:24 [DEBUG]    424:   const dropdown = createEl('div', {
2026-09-05 21:30:24 [DEBUG]    425:     class: 'stocks-page__dropdown',
2026-09-05 21:30:24 [DEBUG]    426:     style: {
2026-09-05 21:30:24 [DEBUG]    427:       position: 'absolute', top: 'calc(100% + 4px)', left: 0, right: 0,
2026-09-05 21:30:24 [DEBUG]    428:       background: 'var(--c-surface)', border: '1px solid var(--c-border)',
2026-09-05 21:30:24 [DEBUG]    429:       borderRadius: 'var(--radius)', zIndex: 50, maxHeight: '250px',
2026-09-05 21:30:24 [DEBUG]    430:       overflow: 'auto', boxShadow: '0 4px 12px rgba(0,0,0,0.08)', display: 'none',
2026-09-05 21:30:24 [DEBUG]    431:     }
2026-09-05 21:30:24 [DEBUG]    432:   });
2026-09-05 21:30:24 [DEBUG]    433:   row.appendChild(dropdown);
2026-09-05 21:30:24 [DEBUG]    434:   refs.searchInput = input;
2026-09-05 21:30:24 [DEBUG]    435:   refs.searchDropdown = dropdown;
2026-09-05 21:30:24 [DEBUG]    436:   toolbar.appendChild(row);
2026-09-05 21:30:24 [DEBUG]    437: 
2026-09-05 21:30:24 [DEBUG]    438:   const chips = createEl('div', {
2026-09-05 21:30:24 [DEBUG]    439:     class: 'stocks-page__periods',
2026-09-05 21:30:24 [DEBUG]    440:     style: { display: 'flex', gap: 'var(--s-1)', flexWrap: 'wrap', marginTop: 'var(--s-3)' }
2026-09-05 21:30:24 [DEBUG]    441:   });
2026-09-05 21:30:24 [DEBUG]    442:   PERIODS.forEach(d => {
2026-09-05 21:30:24 [DEBUG]    443:     const chip = createEl('button', {
2026-09-05 21:30:24 [DEBUG]    444:       class: `btn btn--sm stocks-page__chip ${state.days === d ? 'stocks-page__chip--active' : ''}`,
2026-09-05 21:30:24 [DEBUG]    445:       style: {
2026-09-05 21:30:24 [DEBUG]    446:         padding: 'var(--s-1) var(--s-3)', fontSize: 'var(--text-xs)', fontWeight: 600,
2026-09-05 21:30:24 [DEBUG]    447:         borderRadius: '16px', border: '1px solid var(--c-border)',
2026-09-05 21:30:24 [DEBUG]    448:         background: state.days === d ? 'var(--c-accent)' : 'transparent',
2026-09-05 21:30:24 [DEBUG]    449:         color: state.days === d ? '#fff' : 'var(--c-text-2)',
2026-09-05 21:30:24 [DEBUG]    450:       }
2026-09-05 21:30:24 [DEBUG]    451:     });
2026-09-05 21:30:24 [DEBUG]    452:     chip.textContent = d + 'H';
2026-09-05 21:30:24 [DEBUG]    453:     on(chip, 'click', () => { state.days = d; updatePeriodChips(); if (state.selectedTicker) loadAnalysis(state.selectedTicker); });
2026-09-05 21:30:24 [DEBUG]    454:     chips.appendChild(chip);
2026-09-05 21:30:24 [DEBUG]    455:   });
2026-09-05 21:30:24 [DEBUG]    456:   refs.periodChips = chips;
2026-09-05 21:30:24 [DEBUG]    457:   toolbar.appendChild(chips);
2026-09-05 21:30:24 [DEBUG]    458:   rootEl.appendChild(toolbar);
2026-09-05 21:30:24 [DEBUG]    459: }
2026-09-05 21:30:24 [DEBUG]    460: 
2026-09-05 21:30:24 [DEBUG]    461: function updatePeriodChips() {
2026-09-05 21:30:24 [DEBUG]    462:   if (!refs.periodChips) return;
2026-09-05 21:30:24 [DEBUG]    463:   Array.from(refs.periodChips.children).forEach((chip, i) => {
2026-09-05 21:30:24 [DEBUG]    464:     const d = PERIODS[i];
2026-09-05 21:30:24 [DEBUG]    465:     const active = state.days === d;
2026-09-05 21:30:24 [DEBUG]    466:     chip.style.background = active ? 'var(--c-accent)' : 'transparent';
2026-09-05 21:30:24 [DEBUG]    467:     chip.style.color = active ? '#fff' : 'var(--c-text-2)';
2026-09-05 21:30:24 [DEBUG]    468:     chip.classList.toggle('stocks-page__chip--active', active);
2026-09-05 21:30:24 [DEBUG]    469:   });
2026-09-05 21:30:24 [DEBUG]    470: }
2026-09-05 21:30:24 [DEBUG]    471: 
2026-09-05 21:30:24 [DEBUG]    472: /* ─── Render: Search dropdown ─── */
2026-09-05 21:30:24 [DEBUG]    473: function renderSearchDropdown() {
2026-09-05 21:30:24 [DEBUG]    474:   const dd = refs.searchDropdown;
2026-09-05 21:30:24 [DEBUG]    475:   if (!dd) return;
2026-09-05 21:30:24 [DEBUG]    476:   if (state.searching) {
2026-09-05 21:30:24 [DEBUG]    477:     dd.style.display = 'block';
2026-09-05 21:30:24 [DEBUG]    478:     dd.innerHTML = `<div style="padding:var(--s-4);text-align:center;font-size:var(--text-sm);color:var(--c-text-3);">Mencari...</div>`;
2026-09-05 21:30:24 [DEBUG]    479:     return;
2026-09-05 21:30:24 [DEBUG]    480:   }
2026-09-05 21:30:24 [DEBUG]    481:   if (!state.searchResults.length) { dd.style.display = 'none'; dd.innerHTML = ''; return; }
2026-09-05 21:30:24 [DEBUG]    482:   dd.style.display = 'block';
2026-09-05 21:30:24 [DEBUG]    483:   dd.innerHTML = state.searchResults.map(s => {
2026-09-05 21:30:24 [DEBUG]    484:     const sectorBadge = s.sector ? StockSectorBadge(s.sector, true) : null;
2026-09-05 21:30:24 [DEBUG]    485:     const delistedBadge = s.isDelisted || s.isBlacklisted
2026-09-05 21:30:24 [DEBUG]    486:       ? DelistedBadge({ labelDelisted: s.labelDelisted, stockStatus: s.stockStatus, statusReason: s.statusReason, small: true })
2026-09-05 21:30:24 [DEBUG]    487:       : null;
2026-09-05 21:30:24 [DEBUG]    488:     return `
2026-09-05 21:30:24 [DEBUG]    489:       <div class="stocks-page__result-item" data-ticker="${s.ticker}" style="padding:var(--s-2) var(--s-3);cursor:pointer;display:flex;align-items:center;gap:var(--s-2);border-bottom:1px solid var(--c-border);" onmouseover="this.style.background='var(--c-surface-2)'" onmouseout="this.style.background='transparent'">
2026-09-05 21:30:24 [DEBUG]    490:         <span style="color:var(--c-accent);flex-shrink:0;">${icons['trending-up']}</span>
2026-09-05 21:30:24 [DEBUG]    491:         <div style="flex:1;min-width:0;">
2026-09-05 21:30:24 [DEBUG]    492:           <div style="display:flex;align-items:center;gap:var(--s-1);flex-wrap:wrap;">
2026-09-05 21:30:24 [DEBUG]    493:             <span style="font-weight:600;font-size:var(--text-sm);">${s.ticker}</span>
2026-09-05 21:30:24 [DEBUG]    494:             ${sectorBadge ? sectorBadge.outerHTML : ''}
2026-09-05 21:30:24 [DEBUG]    495:             ${delistedBadge ? delistedBadge.outerHTML : ''}
2026-09-05 21:30:24 [DEBUG]    496:           </div>
2026-09-05 21:30:24 [DEBUG]    497:           <div style="font-size:var(--text-xs);color:var(--c-text-3);overflow:hidden;text-overflow:ellipsis;white-space:nowrap;">${s.companyName}</div>
2026-09-05 21:30:24 [DEBUG]    498:         </div>
2026-09-05 21:30:24 [DEBUG]    499:       </div>`;
2026-09-05 21:30:24 [DEBUG]    500:   }).join('');
2026-09-05 21:30:24 [DEBUG]    501:   dd.querySelectorAll('.stocks-page__result-item').forEach(item => {
2026-09-05 21:30:24 [DEBUG]    502:     on(item, 'click', () => { state.searchTerm = item.dataset.ticker; refs.searchInput.value = item.dataset.ticker; loadAnalysis(item.dataset.ticker); });
2026-09-05 21:30:24 [DEBUG]    503:   });
2026-09-05 21:30:24 [DEBUG]    504: }
2026-09-05 21:30:24 [DEBUG]    505: 
2026-09-05 21:30:24 [DEBUG]    506: /* ─── Render: Compare bar ─── */
2026-09-05 21:30:24 [DEBUG]    507: function renderCompareBar() {
2026-09-05 21:30:24 [DEBUG]    508:   let el = refs.compareBar;
2026-09-05 21:30:24 [DEBUG]    509:   if (!state.analysis) { if (el) { el.remove(); refs.compareBar = null; } return; }
2026-09-05 21:30:24 [DEBUG]    510:   if (!el) {
2026-09-05 21:30:24 [DEBUG]    511:     el = createEl('div', { class: 'stocks-page__compare-bar', style: { marginTop: 'var(--s-3)' } });
2026-09-05 21:30:24 [DEBUG]    512:     refs.compareBar = el;
2026-09-05 21:30:24 [DEBUG]    513:     rootEl.insertBefore(el, refs.analysisContainer || null);
2026-09-05 21:30:24 [DEBUG]    514:   }
2026-09-05 21:30:24 [DEBUG]    515:   let html = `<div style="display:flex;align-items:center;gap:var(--s-2);flex-wrap:wrap;">
2026-09-05 21:30:24 [DEBUG]    516:     <span style="font-size:var(--text-xs);font-weight:600;color:var(--c-text-3);display:flex;align-items:center;gap:var(--s-1);">
2026-09-05 21:30:24 [DEBUG]    517:       <svg width="14" height="14" viewBox="0 0 24 24" fill="none" stroke="currentColor" stroke-width="2"><path d="M16 3h3v3h-3zM8 3h3v3H8zM5 8h14v12a2 2 0 0 1-2 2H7a2 2 0 0 1-2-2V8zM12 12v4"/></svg>
2026-09-05 21:30:24 [DEBUG]    518:       Bandingkan
2026-09-05 21:30:24 [DEBUG]    519:     </span>
2026-09-05 21:30:24 [DEBUG]    520:     <button class="btn btn--secondary btn--sm stocks-page__add-compare" style="padding:var(--s-1) var(--s-2);font-size:var(--text-xs);">${icons['plus']} Tambah</button>
2026-09-05 21:30:24 [DEBUG]    521:   </div>`;
2026-09-05 21:30:24 [DEBUG]    522:   if (state.compareTickers.length) {
2026-09-05 21:30:24 [DEBUG]    523:     html += `<div style="display:flex;gap:var(--s-1);flex-wrap:wrap;margin-top:var(--s-2);">`;
2026-09-05 21:30:24 [DEBUG]    524:     html += `<span style="display:inline-flex;align-items:center;gap:4px;padding:2px 8px;background:${COMPARE_COLORS[0]}1A;border:1px solid ${COMPARE_COLORS[0]}66;border-radius:16px;font-size:var(--text-xs);font-weight:600;color:${COMPARE_COLORS[0]};"><span style="width:8px;height:8px;border-radius:50%;background:${COMPARE_COLORS[0]};display:inline-block;"></span>${state.analysis.ticker}</span>`;
2026-09-05 21:30:24 [DEBUG]    525:     state.compareTickers.forEach((t, i) => {
2026-09-05 21:30:24 [DEBUG]    526:       const c = COMPARE_COLORS[(i + 1) % COMPARE_COLORS.length];
2026-09-05 21:30:24 [DEBUG]    527:       html += `<span style="display:inline-flex;align-items:center;gap:4px;padding:2px 8px;background:${c}1A;border:1px solid ${c}66;border-radius:16px;font-size:var(--text-xs);font-weight:600;color:${c};"><span style="width:8px;height:8px;border-radius:50%;background:${c};display:inline-block;"></span>${t}<button class="btn btn--ghost btn--sm stocks-page__remove-compare" data-ticker="${t}" style="padding:0;width:16px;height:16px;min-width:16px;min-height:16px;color:var(--c-text-3);margin-left:2px;" aria-label="Hapus ${t}">${icons['x']}</button></span>`;
2026-09-05 21:30:24 [DEBUG]    528:     });
2026-09-05 21:30:24 [DEBUG]    529:     html += `</div>`;
2026-09-05 21:30:24 [DEBUG]    530:   }
2026-09-05 21:30:24 [DEBUG]    531:   if (state.compareLoading) html += `<div style="margin-top:var(--s-2);font-size:var(--text-xs);color:var(--c-text-3);">Memuat data perbandingan...</div>`;
2026-09-05 21:30:24 [DEBUG]    532:   el.innerHTML = html;
2026-09-05 21:30:24 [DEBUG]    533:   const addBtn = el.querySelector('.stocks-page__add-compare');
2026-09-05 21:30:24 [DEBUG]    534:   if (addBtn) on(addBtn, 'click', showCompareModal);
2026-09-05 21:30:24 [DEBUG]    535:   el.querySelectorAll('.stocks-page__remove-compare').forEach(btn => {
2026-09-05 21:30:24 [DEBUG]    536:     on(btn, 'click', (e) => { e.stopPropagation(); removeCompare(btn.dataset.ticker); });
2026-09-05 21:30:24 [DEBUG]    537:   });
2026-09-05 21:30:24 [DEBUG]    538: }
2026-09-05 21:30:24 [DEBUG]    539: 
2026-09-05 21:30:24 [DEBUG]    540: /* ─── Compare modal ─── */
2026-09-05 21:30:24 [DEBUG]    541: function showCompareModal() {
2026-09-05 21:30:24 [DEBUG]    542:   if (document.querySelector('.stocks-page__compare-modal')) return;
2026-09-05 21:30:24 [DEBUG]    543:   const overlay = createEl('div', {
2026-09-05 21:30:24 [DEBUG]    544:     class: 'stocks-page__compare-modal',
2026-09-05 21:30:24 [DEBUG]    545:     style: { position: 'fixed', inset: 0, background: 'rgba(0,0,0,0.5)', display: 'flex', alignItems: 'flex-end', justifyContent: 'center', zIndex: 100 }
2026-09-05 21:30:24 [DEBUG]    546:   });
2026-09-05 21:30:24 [DEBUG]    547:   const sheet = createEl('div', {
2026-09-05 21:30:24 [DEBUG]    548:     style: { background: 'var(--c-surface)', width: '100%', maxWidth: '560px', borderRadius: '16px 16px 0 0', maxHeight: '70vh', overflow: 'auto', padding: 'var(--s-4)' }
2026-09-05 21:30:24 [DEBUG]    549:   });
2026-09-05 21:30:24 [DEBUG]    550:   sheet.innerHTML = `
2026-09-05 21:30:24 [DEBUG]    551:     <div style="width:40px;height:4px;background:var(--c-border);border-radius:2px;margin:0 auto var(--s-4);"></div>
2026-09-05 21:30:24 [DEBUG]    552:     <h3 style="font-size:var(--text-md);font-weight:700;margin-bottom:var(--s-3);text-align:center;">Tambah Saham untuk Dibandingkan</h3>
2026-09-05 21:30:24 [DEBUG]    553:     <div class="search" style="margin-bottom:var(--s-3);"><span class="search__icon">${icons['search']}</span><input type="text" class="search__input stocks-page__compare-input" placeholder="Cari ticker (BBCA, GOTO...)" autofocus></div>
2026-09-05 21:30:24 [DEBUG]    554:     <div class="stocks-page__compare-results" style="max-height:250px;overflow:auto;"></div>
2026-09-05 21:30:24 [DEBUG]    555:   `;
2026-09-05 21:30:24 [DEBUG]    556:   overlay.appendChild(sheet);
2026-09-05 21:30:24 [DEBUG]    557:   document.body.appendChild(overlay);
2026-09-05 21:30:24 [DEBUG]    558:   const close = () => overlay.remove();
2026-09-05 21:30:24 [DEBUG]    559:   overlay.onclick = (e) => { if (e.target === overlay) close(); };
2026-09-05 21:30:24 [DEBUG]    560:   const input = sheet.querySelector('.stocks-page__compare-input');
2026-09-05 21:30:24 [DEBUG]    561:   const resultsEl = sheet.querySelector('.stocks-page__compare-results');
2026-09-05 21:30:24 [DEBUG]    562:   on(input, 'input', (e) => {
2026-09-05 21:30:24 [DEBUG]    563:     const q = e.target.value;
2026-09-05 21:30:24 [DEBUG]    564:     if (!q.trim()) { resultsEl.innerHTML = ''; return; }
2026-09-05 21:30:24 [DEBUG]    565:     resultsEl.innerHTML = '<div style="padding:var(--s-4);text-align:center;color:var(--c-text-3);font-size:var(--text-sm);">Mencari...</div>';
2026-09-05 21:30:24 [DEBUG]    566:     clearTimeout(state._compareDebounce);
2026-09-05 21:30:24 [DEBUG]    567:     state._compareDebounce = setTimeout(async () => {
2026-09-05 21:30:24 [DEBUG]    568:       try {
2026-09-05 21:30:24 [DEBUG]    569:         const res = await Api.get('/idx/stocks', { q, limit: 8 });
2026-09-05 21:30:24 [DEBUG]    570:         let list = Array.isArray(res) ? res : (res?.stocks || []);
2026-09-05 21:30:24 [DEBUG]    571:         const items = list.map(d => new StockListItem(d));
2026-09-05 21:30:24 [DEBUG]    572:         if (!items.length) { resultsEl.innerHTML = '<div style="padding:var(--s-4);text-align:center;color:var(--c-text-3);font-size:var(--text-sm);">Tidak ada hasil</div>'; return; }
2026-09-05 21:30:24 [DEBUG]    573:         resultsEl.innerHTML = items.map(s => {
2026-09-05 21:30:24 [DEBUG]    574:           const already = state.compareTickers.includes(s.ticker.toUpperCase());
2026-09-05 21:30:24 [DEBUG]    575:           const sectorBadge = s.sector ? StockSectorBadge(s.sector, true) : null;
2026-09-05 21:30:24 [DEBUG]    576:           return `<div class="stocks-page__compare-item" data-ticker="${s.ticker}" style="padding:var(--s-2) var(--s-3);cursor:pointer;display:flex;align-items:center;gap:var(--s-2);border-bottom:1px solid var(--c-border);opacity:${already ? 0.5 : 1};pointer-events:${already ? 'none' : 'auto'};" onmouseover="this.style.background='var(--c-surface-2)'" onmouseout="this.style.background='transparent'">
2026-09-05 21:30:24 [DEBUG]    577:             <span style="color:${already ? 'var(--c-accent)' : 'var(--c-text-3)'};flex-shrink:0;">${already ? icons['check'] : icons['plus']}</span>
2026-09-05 21:30:24 [DEBUG]    578:             <div style="flex:1;min-width:0;">
2026-09-05 21:30:24 [DEBUG]    579:               <div style="display:flex;align-items:center;gap:var(--s-1);flex-wrap:wrap;"><span style="font-weight:600;font-size:var(--text-sm);">${s.ticker}</span>${sectorBadge ? sectorBadge.outerHTML : ''}</div>
2026-09-05 21:30:24 [DEBUG]    580:               <div style="font-size:var(--text-xs);color:var(--c-text-3);overflow:hidden;text-overflow:ellipsis;white-space:nowrap;">${s.companyName}</div>
2026-09-05 21:30:24 [DEBUG]    581:             </div>
2026-09-05 21:30:24 [DEBUG]    582:           </div>`;
2026-09-05 21:30:24 [DEBUG]    583:         }).join('');
2026-09-05 21:30:24 [DEBUG]    584:         resultsEl.querySelectorAll('.stocks-page__compare-item').forEach(item => {
2026-09-05 21:30:24 [DEBUG]    585:           on(item, 'click', () => { addCompare(item.dataset.ticker); close(); });
2026-09-05 21:30:24 [DEBUG]    586:         });
2026-09-05 21:30:24 [DEBUG]    587:       } catch (_) { resultsEl.innerHTML = '<div style="padding:var(--s-4);text-align:center;color:var(--c-danger);font-size:var(--text-sm);">Gagal mencari</div>'; }
2026-09-05 21:30:24 [DEBUG]    588:     }, 300);
2026-09-05 21:30:24 [DEBUG]    589:   });
2026-09-05 21:30:24 [DEBUG]    590:   input.focus();
2026-09-05 21:30:24 [DEBUG]    591: }
2026-09-05 21:30:24 [DEBUG]    592: 
2026-09-05 21:30:24 [DEBUG]    593: /* ─── Render: Loading ─── */
2026-09-05 21:30:24 [DEBUG]    594: function renderLoading() {
2026-09-05 21:30:24 [DEBUG]    595:   let el = refs.analysisContainer;
2026-09-05 21:30:24 [DEBUG]    596:   if (!el) {
2026-09-05 21:30:24 [DEBUG]    597:     el = createEl('div', { class: 'stocks-page__analysis' });
2026-09-05 21:30:24 [DEBUG]    598:     refs.analysisContainer = el;
2026-09-05 21:30:24 [DEBUG]    599:     rootEl.appendChild(el);
2026-09-05 21:30:24 [DEBUG]    600:   }
2026-09-05 21:30:24 [DEBUG]    601:   el.innerHTML = `<div class="card" style="padding:var(--s-6);text-align:center;margin-top:var(--s-4);">
2026-09-05 21:30:24 [DEBUG]    602:     <div class="spinner" style="width:32px;height:32px;border:3px solid var(--c-border);border-top-color:var(--c-primary);border-radius:50%;animation:spin 1s linear infinite;margin:0 auto var(--s-3);"></div>
2026-09-05 21:30:24 [DEBUG]    603:     <div style="font-size:var(--text-sm);color:var(--c-text-2);">Memuat analisis...</div>
2026-09-05 21:30:24 [DEBUG]    604:   </div>`;
2026-09-05 21:30:24 [DEBUG]    605:   clearCharts();
2026-09-05 21:30:24 [DEBUG]    606: }
2026-09-05 21:30:24 [DEBUG]    607: 
2026-09-05 21:30:24 [DEBUG]    608: /* ─── Render: Analysis ─── */
2026-09-05 21:30:24 [DEBUG]    609: function renderAnalysis() {
2026-09-05 21:30:24 [DEBUG]    610:   let el = refs.analysisContainer;
2026-09-05 21:30:24 [DEBUG]    611:   if (!el) {
2026-09-05 21:30:24 [DEBUG]    612:     el = createEl('div', { class: 'stocks-page__analysis' });
2026-09-05 21:30:24 [DEBUG]    613:     refs.analysisContainer = el;
2026-09-05 21:30:24 [DEBUG]    614:     rootEl.appendChild(el);
2026-09-05 21:30:24 [DEBUG]    615:   }
2026-09-05 21:30:24 [DEBUG]    616:   if (!state.analysis) {
2026-09-05 21:30:24 [DEBUG]    617:     el.innerHTML = `<div class="card" style="padding:var(--s-6);text-align:center;margin-top:var(--s-4);"><div style="font-size:var(--text-sm);color:var(--c-text-3);">Cari saham untuk melihat analisis</div></div>`;
2026-09-05 21:30:24 [DEBUG]    618:     clearCharts();
2026-09-05 21:30:24 [DEBUG]    619:     return;
2026-09-05 21:30:24 [DEBUG]    620:   }
2026-09-05 21:30:24 [DEBUG]    621:   const a = state.analysis;
2026-09-05 21:30:24 [DEBUG]    622:   const s = a.summary;
2026-09-05 21:30:24 [DEBUG]    623:   const data = a.data;
2026-09-05 21:30:24 [DEBUG]    624:   const rawData = data.map(d => ({
2026-09-05 21:30:24 [DEBUG]    625:     date: d.date, close: d.close, open: d.open, high: d.high, low: d.low,
2026-09-05 21:30:24 [DEBUG]    626:     volume: d.volume, value: d.value, frequency: d.frequency,
2026-09-05 21:30:24 [DEBUG]    627:     foreignBuy: d.foreignBuy, foreignSell: d.foreignSell,
2026-09-05 21:30:24 [DEBUG]    628:     nonRegValue: d.nonRegValue, nonRegFreq: d.nonRegFreq,
2026-09-05 21:30:24 [DEBUG]    629:     netForeign: d.netForeign, atv: d.atv, biiScore: d.biiScore,
2026-09-05 21:30:24 [DEBUG]    630:     prevPrice: d.prevPrice, change: d.change,
2026-09-05 21:30:24 [DEBUG]    631:   }));
2026-09-05 21:30:24 [DEBUG]    632: 
2026-09-05 21:30:24 [DEBUG]    633:   el.innerHTML = '';
2026-09-05 21:30:24 [DEBUG]    634: 
2026-09-05 21:30:24 [DEBUG]    635:   // Header
2026-09-05 21:30:24 [DEBUG]    636:   const header = createEl('div', { class: 'card', style: { marginTop: 'var(--s-4)' } });
2026-09-05 21:30:24 [DEBUG]    637:   const changeColor = s.priceChangePct >= 0 ? 'var(--c-accent)' : 'var(--c-danger)';
2026-09-05 21:30:24 [DEBUG]    638:   const changeSign = s.priceChangePct >= 0 ? '+' : '';
2026-09-05 21:30:24 [DEBUG]    639:   header.innerHTML = `
2026-09-05 21:30:24 [DEBUG]    640:     <div style="display:flex;align-items:flex-start;justify-content:space-between;gap:var(--s-3);flex-wrap:wrap;">
2026-09-05 21:30:24 [DEBUG]    641:       <div style="flex:1;min-width:0;">
2026-09-05 21:30:24 [DEBUG]    642:         <div style="display:flex;align-items:center;gap:var(--s-2);flex-wrap:wrap;margin-bottom:var(--s-1);">
2026-09-05 21:30:24 [DEBUG]    643:           <span style="font-size:var(--text-xl);font-weight:700;">${a.ticker}</span>
2026-09-05 21:30:24 [DEBUG]    644:           <span id="stock-header-badge"></span>
2026-09-05 21:30:24 [DEBUG]    645:         </div>
2026-09-05 21:30:24 [DEBUG]    646:         <div style="font-size:var(--text-sm);color:var(--c-text-2);">${a.companyName}</div>
2026-09-05 21:30:24 [DEBUG]    647:       </div>
2026-09-05 21:30:24 [DEBUG]    648:       <div style="text-align:right;flex-shrink:0;">
2026-09-05 21:30:24 [DEBUG]    649:         <div style="font-size:var(--text-lg);font-weight:700;">Rp ${fmtPrice(s.latestPrice)}</div>
2026-09-05 21:30:24 [DEBUG]    650:         <div style="color:${changeColor};font-weight:500;font-size:var(--text-sm);">${changeSign}${s.priceChangePct.toFixed(1)}%</div>
2026-09-05 21:30:24 [DEBUG]    651:       </div>
2026-09-05 21:30:24 [DEBUG]    652:     </div>`;
2026-09-05 21:30:24 [DEBUG]    653:   const badgeSlot = header.querySelector('#stock-header-badge');
2026-09-05 21:30:24 [DEBUG]    654:   const delistedBadge = DelistedBadge({ labelDelisted: a.labelDelisted, stockStatus: a.stockStatus, statusReason: a.statusReason });
2026-09-05 21:30:24 [DEBUG]    655:   if (delistedBadge && badgeSlot) badgeSlot.appendChild(delistedBadge);
2026-09-05 21:30:24 [DEBUG]    656:   el.appendChild(header);
2026-09-05 21:30:24 [DEBUG]    657: 
2026-09-05 21:30:24 [DEBUG]    658:   // Info Card
2026-09-05 21:30:24 [DEBUG]    659:   const infoCard = StockInfoCard(a);
2026-09-05 21:30:24 [DEBUG]    660:   if (infoCard) el.appendChild(infoCard);
2026-09-05 21:30:24 [DEBUG]    661: 
2026-09-05 21:30:24 [DEBUG]    662:   // Metrics
2026-09-05 21:30:24 [DEBUG]    663:   const metrics = createEl('div', { style: { marginTop: 'var(--s-3)' } });
2026-09-05 21:30:24 [DEBUG]    664:   metrics.innerHTML = `
2026-09-05 21:30:24 [DEBUG]    665:     <div style="display:flex;gap:var(--s-2);flex-wrap:wrap;margin-bottom:var(--s-2);">
2026-09-05 21:30:24 [DEBUG]    666:       ${metricCard('BII Score', s.latestBiiScore.toFixed(1), '#9270CA')}
2026-09-05 21:30:24 [DEBUG]    667:       ${metricCard('Foreign %', s.foreignDominationPct.toFixed(1) + '%', '#5B8FF9')}
2026-09-05 21:30:24 [DEBUG]    668:       ${metricCard('Net Foreign', fmtS(s.totalNetForeign), '#00A86B')}
2026-09-05 21:30:24 [DEBUG]    669:     </div>
2026-09-05 21:30:24 [DEBUG]    670:     <div style="display:flex;gap:var(--s-2);flex-wrap:wrap;">
2026-09-05 21:30:24 [DEBUG]    671:       ${metricCard('Total Value', fmtS(s.totalValue), '#F6903D')}
2026-09-05 21:30:24 [DEBUG]    672:       ${metricCard('Total Vol', fmtS(s.totalVolume), '#6DC8EC')}
2026-09-05 21:30:24 [DEBUG]    673:       ${metricCard('Avg BII', s.avgBiiScore.toFixed(1), '#7B61FF')}
2026-09-05 21:30:24 [DEBUG]    674:     </div>`;
2026-09-05 21:30:24 [DEBUG]    675:   el.appendChild(metrics);
2026-09-05 21:30:24 [DEBUG]    676: 
2026-09-05 21:30:24 [DEBUG]    677:   // Charts
2026-09-05 21:30:24 [DEBUG]    678:   if (rawData.length > 0) {
2026-09-05 21:30:24 [DEBUG]    679:     const chartsWrap = createEl('div', { class: 'stocks-page__charts', style: { marginTop: 'var(--s-5)' } });
2026-09-05 21:30:24 [DEBUG]    680:     if (state.compareMode && state.compareTickers.length > 0) {
2026-09-05 21:30:24 [DEBUG]    681:       chartsWrap.appendChild(chartPanel('Perbandingan Harga (Normalisasi)', 'Persentase perubahan dari hari pertama', [{ label: a.ticker, color: COMPARE_COLORS[0] }, ...state.compareTickers.map((t, i) => ({ label: t, color: COMPARE_COLORS[(i + 1) % COMPARE_COLORS.length] }))], 300));
2026-09-05 21:30:24 [DEBUG]    682:     } else {
2026-09-05 21:30:24 [DEBUG]    683:       chartsWrap.appendChild(chartPanel('Pergerakan Harga', 'Harga penutupan harian', [{ label: 'Harga penutupan', color: '#00A86B' }], 270));
2026-09-05 21:30:24 [DEBUG]    684:     }
2026-09-05 21:30:24 [DEBUG]    685:     chartsWrap.appendChild(chartPanel('Total Nilai Transaksi', 'Regular value per hari', [{ label: 'Nilai transaksi', color: '#F6903D' }], 200));
2026-09-05 21:30:24 [DEBUG]    686:     chartsWrap.appendChild(chartPanel('Volume Perdagangan', 'Jumlah lot yang diperdagangkan', [{ label: 'Volume', color: '#6DC8EC' }], 200));
2026-09-05 21:30:24 [DEBUG]    687:     chartsWrap.appendChild(chartPanel('Arus Dana Asing', 'Net foreign buy / sell', [{ label: 'Beli bersih', color: '#00A86B' }, { label: 'Jual bersih', color: '#D94B4B' }], 210));
2026-09-05 21:30:24 [DEBUG]    688:     chartsWrap.appendChild(chartPanel('BII Score (Buying Intensity Index)', 'Skor akumulasi', [{ label: 'BII Score', color: '#7B61FF' }], 210));
2026-09-05 21:30:24 [DEBUG]    689:     chartsWrap.appendChild(chartPanel('ATV (Avg Transaction Value)', 'Ukuran transaksi rata-rata', [{ label: 'ATV', color: '#9270CA' }], 200));
2026-09-05 21:30:24 [DEBUG]    690:     chartsWrap.appendChild(chartPanel('Nilai Nego (Non-Regular)', 'Transaksi negosiasi', [{ label: 'Nego Value', color: '#F6C022' }], 200));
2026-09-05 21:30:24 [DEBUG]    691:     chartsWrap.appendChild(chartPanel('Frekuensi Nego', 'Jumlah transaksi negosiasi per hari', [{ label: 'Nego Freq', color: '#90A4AE' }], 180));
2026-09-05 21:30:24 [DEBUG]    692:     chartsWrap.appendChild(buildSummaryTable(rawData));
2026-09-05 21:30:24 [DEBUG]    693:     el.appendChild(chartsWrap);
2026-09-05 21:30:24 [DEBUG]    694:     requestAnimationFrame(() => mountCharts(rawData));
2026-09-05 21:30:24 [DEBUG]    695:   }
2026-09-05 21:30:24 [DEBUG]    696: }
2026-09-05 21:30:24 [DEBUG]    697: 
2026-09-05 21:30:24 [DEBUG]    698: function metricCard(label, value, color) {
2026-09-05 21:30:24 [DEBUG]    699:   return `<div style="flex:1 1 100px;min-width:100px;padding:var(--s-3);background:${color}1A;border:1px solid ${color}4D;border-radius:var(--radius);text-align:center;">
2026-09-05 21:30:24 [DEBUG]    700:     <div style="color:${color};font-size:var(--text-md);font-weight:700;">${value}</div>
2026-09-05 21:30:24 [DEBUG]    701:     <div style="font-size:var(--text-xs);color:var(--c-text-3);margin-top:2px;">${label}</div>
2026-09-05 21:30:24 [DEBUG]    702:   </div>`;
2026-09-05 21:30:24 [DEBUG]    703: }
2026-09-05 21:30:24 [DEBUG]    704: 
2026-09-05 21:30:24 [DEBUG]    705: function chartPanel(title, subtitle, legend, height) {
2026-09-05 21:30:24 [DEBUG]    706:   const panel = createEl('div', { class: 'stocks-page__chart-panel', style: { marginBottom: 'var(--s-6)' } });
2026-09-05 21:30:24 [DEBUG]    707:   const legendHtml = legend.map(l => `<span style="display:inline-flex;align-items:center;gap:4px;font-size:var(--text-xs);color:var(--c-text-3);"><span style="width:8px;height:8px;border-radius:50%;background:${l.color};display:inline-block;"></span>${l.label}</span>`).join('');
2026-09-05 21:30:24 [DEBUG]    708:   panel.innerHTML = `
2026-09-05 21:30:24 [DEBUG]    709:     <div style="display:flex;align-items:flex-start;justify-content:space-between;gap:var(--s-3);flex-wrap:wrap;margin-bottom:var(--s-3);">
2026-09-05 21:30:24 [DEBUG]    710:       <div><div style="font-size:var(--text-md);font-weight:700;">${title}</div><div style="font-size:var(--text-xs);color:var(--c-text-3);margin-top:2px;">${subtitle}</div></div>
2026-09-05 21:30:24 [DEBUG]    711:       <div style="display:flex;gap:var(--s-2);flex-wrap:wrap;">${legendHtml}</div>
2026-09-05 21:30:24 [DEBUG]    712:     </div>
2026-09-05 21:30:24 [DEBUG]    713:     <div class="stocks-page__chart" style="height:${height}px;width:100%;" data-chart-type="${title}"></div>`;
2026-09-05 21:30:24 [DEBUG]    714:   return panel;
2026-09-05 21:30:24 [DEBUG]    715: }
2026-09-05 21:30:24 [DEBUG]    716: 
2026-09-05 21:30:24 [DEBUG]    717: async function mountCharts(rawData) {
2026-09-05 21:30:24 [DEBUG]    718:   clearCharts();
2026-09-05 21:30:24 [DEBUG]    719:   try {
2026-09-05 21:30:24 [DEBUG]    720:     await loadApexCharts();
2026-09-05 21:30:24 [DEBUG]    721:   } catch (e) {
2026-09-05 21:30:24 [DEBUG]    722:     console.error('[Stocks] Failed to load chart library:', e);
2026-09-05 21:30:24 [DEBUG]    723:     rootEl.querySelectorAll('.stocks-page__chart').forEach(c => {
2026-09-05 21:30:24 [DEBUG]    724:       c.innerHTML = `<div style="display:flex;align-items:center;justify-content:center;height:100%;color:var(--c-text-3);font-size:var(--text-sm);">
2026-09-05 21:30:24 [DEBUG]    725:         <span style="margin-right:var(--s-2);">${icons['alert-circle']}</span> Gagal memuat chart library
2026-09-05 21:30:24 [DEBUG]    726:       </div>`;
2026-09-05 21:30:24 [DEBUG]    727:     });
2026-09-05 21:30:24 [DEBUG]    728:     return;
2026-09-05 21:30:24 [DEBUG]    729:   }
2026-09-05 21:30:24 [DEBUG]    730: 
2026-09-05 21:30:24 [DEBUG]    731:   const containers = rootEl.querySelectorAll('.stocks-page__chart');
2026-09-05 21:30:24 [DEBUG]    732:   if (!containers.length) return;
2026-09-05 21:30:24 [DEBUG]    733: 
2026-09-05 21:30:24 [DEBUG]    734:   const normData = rawData.map(d => ({...d, date: normalizeDate(d.date)}));
2026-09-05 21:30:24 [DEBUG]    735: 
2026-09-05 21:30:24 [DEBUG]    736:   containers.forEach((container) => {
2026-09-05 21:30:24 [DEBUG]    737:     const type = container.dataset.chartType;
2026-09-05 21:30:24 [DEBUG]    738:     let chart = null;
2026-09-05 21:30:24 [DEBUG]    739:     try {
2026-09-05 21:30:24 [DEBUG]    740:       if (type === 'Pergerakan Harga') {
2026-09-05 21:30:24 [DEBUG]    741:         chart = buildPriceChartApex(container, normData);
2026-09-05 21:30:24 [DEBUG]    742:       } else if (type === 'Perbandingan Harga (Normalisasi)') {
2026-09-05 21:30:24 [DEBUG]    743:         chart = buildCompareChartApex(container, normData, state.compareData, state.compareTickers, state.analysis.ticker);
2026-09-05 21:30:24 [DEBUG]    744:       } else if (type === 'Total Nilai Transaksi') {
2026-09-05 21:30:24 [DEBUG]    745:         chart = buildBarChartApex(container, normData.map(d => ({ time: d.date, value: d.value })), '#F6903D');
2026-09-05 21:30:24 [DEBUG]    746:       } else if (type === 'Volume Perdagangan') {
2026-09-05 21:30:24 [DEBUG]    747:         chart = buildBarChartApex(container, normData.map(d => ({ time: d.date, value: d.volume })), '#6DC8EC');
2026-09-05 21:30:24 [DEBUG]    748:       } else if (type === 'Arus Dana Asing') {
2026-09-05 21:30:24 [DEBUG]    749:         chart = buildForeignChartApex(container, normData);
2026-09-05 21:30:24 [DEBUG]    750:       } else if (type === 'BII Score (Buying Intensity Index)') {
2026-09-05 21:30:24 [DEBUG]    751:         chart = buildLineChartApex(container, normData.map(d => ({ time: d.date, close: d.biiScore })), '#7B61FF');
2026-09-05 21:30:24 [DEBUG]    752:       } else if (type === 'ATV (Avg Transaction Value)') {
2026-09-05 21:30:24 [DEBUG]    753:         chart = buildBarChartApex(container, normData.map(d => ({ time: d.date, value: d.atv })), '#9270CA');
2026-09-05 21:30:24 [DEBUG]    754:       } else if (type === 'Nilai Nego (Non-Regular)') {
2026-09-05 21:30:24 [DEBUG]    755:         chart = buildBarChartApex(container, normData.map(d => ({ time: d.date, value: d.nonRegValue })), '#F6C022');
2026-09-05 21:30:24 [DEBUG]    756:       } else if (type === 'Frekuensi Nego') {
2026-09-05 21:30:24 [DEBUG]    757:         chart = buildBarChartApex(container, normData.map(d => ({ time: d.date, value: d.nonRegFreq })), '#90A4AE');
2026-09-05 21:30:24 [DEBUG]    758:       }
2026-09-05 21:30:24 [DEBUG]    759:       if (chart) state.charts.push(chart);
2026-09-05 21:30:24 [DEBUG]    760:     } catch (e) {
2026-09-05 21:30:24 [DEBUG]    761:       console.error(`[Stocks] Chart "${type}" failed:`, e);
2026-09-05 21:30:24 [DEBUG]    762:       container.innerHTML = `<div style="display:flex;align-items:center;justify-content:center;height:100%;color:var(--c-text-3);font-size:var(--text-sm);">
2026-09-05 21:30:24 [DEBUG]    763:         <span style="margin-right:var(--s-2);">${icons['alert-circle']}</span> Chart error
2026-09-05 21:30:24 [DEBUG]    764:       </div>`;
2026-09-05 21:30:24 [DEBUG]    765:     }
2026-09-05 21:30:24 [DEBUG]    766:   });
2026-09-05 21:30:24 [DEBUG]    767: }
2026-09-05 21:30:24 [DEBUG]    768: 
2026-09-05 21:30:24 [DEBUG]    769: function buildSummaryTable(rawData) {
2026-09-05 21:30:24 [DEBUG]    770:   const rows = rawData.length > 15 ? rawData.slice(rawData.length - 15) : rawData;
2026-09-05 21:30:24 [DEBUG]    771:   const wrap = createEl('div', { style: { marginTop: 'var(--s-6)' } });
2026-09-05 21:30:24 [DEBUG]    772:   wrap.innerHTML = `
2026-09-05 21:30:24 [DEBUG]    773:     <div style="font-size:var(--text-md);font-weight:700;margin-bottom:2px;">Ringkasan Data</div>
2026-09-05 21:30:24 [DEBUG]    774:     <div style="font-size:var(--text-xs);color:var(--c-text-3);margin-bottom:var(--s-3);">${rows.length} hari terakhir</div>
2026-09-05 21:30:24 [DEBUG]    775:     <div style="overflow-x:auto;">
2026-09-05 21:30:24 [DEBUG]    776:       <table class="table">
2026-09-05 21:30:24 [DEBUG]    777:         <thead><tr><th>Tanggal</th><th>Harga</th><th>Chg%</th><th>Net For.</th><th>ATV</th><th>BII</th><th>F:R</th></tr></thead>
2026-09-05 21:30:24 [DEBUG]    778:         <tbody>
2026-09-05 21:30:24 [DEBUG]    779:           ${rows.slice().reverse().map(r => {
2026-09-05 21:30:24 [DEBUG]    780:             const close = r.close || 0;
2026-09-05 21:30:24 [DEBUG]    781:             const prev = r.prevPrice || close;
2026-09-05 21:30:24 [DEBUG]    782:             const chg = prev > 0 ? ((close - prev) / prev * 100) : 0;
2026-09-05 21:30:24 [DEBUG]    783:             const netF = r.netForeign || 0;
2026-09-05 21:30:24 [DEBUG]    784:             const atv = r.atv || 0;
2026-09-05 21:30:24 [DEBUG]    785:             const bii = r.biiScore || 0;
2026-09-05 21:30:24 [DEBUG]    786:             const fb = r.foreignBuy || 0;
2026-09-05 21:30:24 [DEBUG]    787:             const fs = r.foreignSell || 0;
2026-09-05 21:30:24 [DEBUG]    788:             const vol = r.volume || 0;
2026-09-05 21:30:24 [DEBUG]    789:             const frRatio = vol > 0 ? ((fb + fs) / (vol * 2) * 100) : 0;
2026-09-05 21:30:24 [DEBUG]    790:             const chgColor = chg >= 0 ? 'var(--c-accent)' : 'var(--c-danger)';
2026-09-05 21:30:24 [DEBUG]    791:             const netColor = netF >= 0 ? 'var(--c-accent)' : 'var(--c-danger)';
2026-09-05 21:30:24 [DEBUG]    792:             return `<tr>
2026-09-05 21:30:24 [DEBUG]    793:               <td style="font-size:var(--text-xs);">${dateLabel(r.date)}</td>
2026-09-05 21:30:24 [DEBUG]    794:               <td style="font-weight:600;font-size:var(--text-xs);">Rp ${fmtPrice(close)}</td>
2026-09-05 21:30:24 [DEBUG]    795:               <td style="color:${chgColor};font-size:var(--text-xs);">${chg >= 0 ? '+' : ''}${chg.toFixed(1)}%</td>
2026-09-05 21:30:24 [DEBUG]    796:               <td style="color:${netColor};font-size:var(--text-xs);">${fmtS(netF)}</td>
2026-09-05 21:30:24 [DEBUG]    797:               <td style="font-size:var(--text-xs);">${compact(atv)}</td>
2026-09-05 21:30:24 [DEBUG]    798:               <td style="color:#7B61FF;font-weight:600;font-size:var(--text-xs);">${bii.toFixed(1)}</td>
2026-09-05 21:30:24 [DEBUG]    799:               <td style="font-size:var(--text-xs);">${frRatio.toFixed(1)}%</td>
2026-09-05 21:30:24 [DEBUG]    800:             </tr>`;
2026-09-05 21:30:24 [DEBUG]    801:           }).join('')}
2026-09-05 21:30:24 [DEBUG]    802:         </tbody>
2026-09-05 21:30:24 [DEBUG]    803:       </table>
2026-09-05 21:30:24 [DEBUG]    804:     </div>`;
2026-09-05 21:30:24 [DEBUG]    805:   return wrap;
2026-09-05 21:30:24 [DEBUG]    806: }
2026-09-05 21:30:24 [DEBUG]    807: 
2026-09-05 21:30:24 [DEBUG]    808: /* ─── Cleanup ─── */
2026-09-05 21:30:24 [DEBUG]    809: function cleanup() {
2026-09-05 21:30:24 [DEBUG]    810:   clearCharts();
2026-09-05 21:30:24 [DEBUG]    811:   if (state._searchDebounce) clearTimeout(state._searchDebounce);
2026-09-05 21:30:24 [DEBUG]    812:   if (state._compareDebounce) clearTimeout(state._compareDebounce);
2026-09-05 21:30:24 [DEBUG]    813:   rootEl = null; refs = {};
2026-09-05 21:30:24 [DEBUG]    814: }
2026-09-05 21:30:24 [DEBUG]    815: 
2026-09-05 21:30:24 [DEBUG]    816: /* ─── Export render ─── */
2026-09-05 21:30:24 [DEBUG]    817: export function render() {
2026-09-05 21:30:24 [DEBUG]    818:   Object.assign(state, {
2026-09-05 21:30:24 [DEBUG]    819:     searchTerm: '', searchResults: [], searching: false,
2026-09-05 21:30:24 [DEBUG]    820:     selectedTicker: '', days: 30, analysis: null, loading: false,
2026-09-05 21:30:24 [DEBUG]    821:     compareMode: false, compareTickers: [], compareData: {}, compareLoading: false,
2026-09-05 21:30:24 [DEBUG]    822:     charts: [],
2026-09-05 21:30:24 [DEBUG]    823:   });
2026-09-05 21:30:24 [DEBUG]    824:   rootEl = createEl('div', { class: 'stocks-page', style: { maxWidth: '900px', margin: '0 auto', padding: 'var(--s-4)' } });
2026-09-05 21:30:24 [DEBUG]    825:   refs = {};
2026-09-05 21:30:24 [DEBUG]    826: 
2026-09-05 21:30:24 [DEBUG]    827:   if (!document.getElementById('stocks-page-keyframes')) {
2026-09-05 21:30:24 [DEBUG]    828:     const style = createEl('style', { id: 'stocks-page-keyframes' });
2026-09-05 21:30:24 [DEBUG]    829:     style.textContent = `@keyframes spin { to { transform: rotate(360deg); } }`;
2026-09-05 21:30:24 [DEBUG]    830:     document.head.appendChild(style);
2026-09-05 21:30:24 [DEBUG]    831:   }
2026-09-05 21:30:24 [DEBUG]    832: 
2026-09-05 21:30:24 [DEBUG]    833:   const header = createEl('div', { style: { marginBottom: 'var(--s-5)' } });
2026-09-05 21:30:24 [DEBUG]    834:   header.innerHTML = `<h1 style="font-size:var(--text-lg);font-weight:700;margin-bottom:var(--s-1);">Analisis Saham</h1><p style="color:var(--c-text-2);font-size:var(--text-sm);">Analisis teknikal dan fundamental saham IDX.</p>`;
2026-09-05 21:30:24 [DEBUG]    835:   rootEl.appendChild(header);
2026-09-05 21:30:24 [DEBUG]    836: 
2026-09-05 21:30:24 [DEBUG]    837:   renderToolbarOnce();
2026-09-05 21:30:24 [DEBUG]    838:   renderAnalysis();
2026-09-05 21:30:24 [DEBUG]    839:   renderCompareBar();
2026-09-05 21:30:24 [DEBUG]    840: 
2026-09-05 21:30:24 [DEBUG]    841:   const outsideClick = (e) => {
2026-09-05 21:30:24 [DEBUG]    842:     if (refs.searchDropdown && !refs.searchDropdown.contains(e.target) && !refs.searchInput.contains(e.target)) {
2026-09-05 21:30:24 [DEBUG]    843:       refs.searchDropdown.style.display = 'none';
2026-09-05 21:30:24 [DEBUG]    844:     }
2026-09-05 21:30:24 [DEBUG]    845:   };
2026-09-05 21:30:24 [DEBUG]    846:   document.addEventListener('click', outsideClick);
2026-09-05 21:30:24 [DEBUG]    847:   rootEl._outsideClick = outsideClick;
2026-09-05 21:30:24 [DEBUG]    848: 
2026-09-05 21:30:24 [DEBUG]    849:   rootEl._cleanup = () => {
2026-09-05 21:30:24 [DEBUG]    850:     document.removeEventListener('click', outsideClick);
2026-09-05 21:30:24 [DEBUG]    851:     cleanup();
2026-09-05 21:30:24 [DEBUG]    852:   };
2026-09-05 21:30:24 [DEBUG]    853:   return rootEl;
2026-09-05 21:30:24 [DEBUG]    854: }
2026-09-05 21:30:24 [DEBUG] Anchor original (100 char): /  ─── Compare modal ─── */...
2026-09-05 21:30:24 [DEBUG] Anchor normalized: / ─── Compare modal ─── */...
2026-09-05 21:30:24 [DEBUG] Anchor fingerprint (first 20): [0, 0, 0, 0, 7, 5, 0, 0, 0, 0, 0] ... (total 11 tokens)
2026-09-05 21:30:24 [DEBUG] Window start 1, score=0.52
2026-09-05 21:30:24 [DEBUG] Window start 2, score=0.59
2026-09-05 21:30:24 [DEBUG] Window start 4, score=0.59
2026-09-05 21:30:24 [DEBUG] Window start 9, score=0.63
2026-09-05 21:30:24 [DEBUG] Window start 10, score=0.70
2026-09-05 21:30:24 [DEBUG] Window start 11, score=0.72
2026-09-05 21:30:24 [DEBUG] Window start 19, score=0.69
2026-09-05 21:30:24 [DEBUG] Window start 24, score=0.63
2026-09-05 21:30:24 [DEBUG] Window start 25, score=0.60
2026-09-05 21:30:24 [DEBUG] Window start 26, score=0.54
2026-09-05 21:30:24 [DEBUG] Window start 27, score=0.54
2026-09-05 21:30:24 [DEBUG] Window start 28, score=0.54
2026-09-05 21:30:24 [DEBUG] Window start 29, score=0.54
2026-09-05 21:30:24 [DEBUG] Window start 30, score=0.54
2026-09-05 21:30:24 [DEBUG] Window start 31, score=0.54
2026-09-05 21:30:24 [DEBUG] Window start 32, score=0.54
2026-09-05 21:30:24 [DEBUG] Window start 35, score=0.67
2026-09-05 21:30:24 [DEBUG] Window start 38, score=0.54
2026-09-05 21:30:24 [DEBUG] Window start 39, score=0.71
2026-09-05 21:30:24 [DEBUG] Window start 40, score=0.71
2026-09-05 21:30:24 [DEBUG] Window start 41, score=0.54
2026-09-05 21:30:24 [DEBUG] Window start 46, score=0.63
2026-09-05 21:30:24 [DEBUG] Window start 48, score=0.71
2026-09-05 21:30:24 [DEBUG] Window start 49, score=0.67
2026-09-05 21:30:24 [DEBUG] Window start 51, score=0.67
2026-09-05 21:30:24 [DEBUG] Window start 53, score=0.71
2026-09-05 21:30:24 [DEBUG] Window start 59, score=0.63
2026-09-05 21:30:24 [DEBUG] Window start 60, score=0.70
2026-09-05 21:30:24 [DEBUG] Window start 61, score=0.72
2026-09-05 21:30:24 [DEBUG] Window start 71, score=0.52
2026-09-05 21:30:24 [DEBUG] Window start 79, score=0.56
2026-09-05 21:30:24 [DEBUG] Window start 80, score=0.61
2026-09-05 21:30:24 [DEBUG] Window start 81, score=0.60
2026-09-05 21:30:24 [DEBUG] Window start 84, score=0.56
2026-09-05 21:30:24 [DEBUG] Window start 86, score=0.57
2026-09-05 21:30:24 [DEBUG] Window start 87, score=0.53
2026-09-05 21:30:24 [DEBUG] Window start 88, score=0.53
2026-09-05 21:30:24 [DEBUG] Window start 91, score=0.64
2026-09-05 21:30:24 [DEBUG] Window start 95, score=0.64
2026-09-05 21:30:24 [DEBUG] Window start 102, score=0.59
2026-09-05 21:30:24 [DEBUG] Window start 103, score=0.55
2026-09-05 21:30:24 [DEBUG] Window start 107, score=0.58
2026-09-05 21:30:24 [DEBUG] Window start 108, score=0.52
2026-09-05 21:30:24 [DEBUG] Window start 110, score=0.54
2026-09-05 21:30:24 [DEBUG] Window start 116, score=0.54
2026-09-05 21:30:24 [DEBUG] Window start 118, score=0.67
2026-09-05 21:30:24 [DEBUG] Window start 122, score=0.62
2026-09-05 21:30:24 [DEBUG] Window start 136, score=0.51
2026-09-05 21:30:24 [DEBUG] Window start 143, score=0.52
2026-09-05 21:30:24 [DEBUG] Window start 146, score=0.63
2026-09-05 21:30:24 [DEBUG] Window start 147, score=0.54
2026-09-05 21:30:24 [DEBUG] Window start 153, score=0.74
2026-09-05 21:30:24 [DEBUG] Window start 154, score=0.65
2026-09-05 21:30:24 [DEBUG] Window start 155, score=0.71
2026-09-05 21:30:24 [DEBUG] Window start 160, score=0.64
2026-09-05 21:30:24 [DEBUG] Window start 177, score=0.53
2026-09-05 21:30:24 [DEBUG] Window start 181, score=0.59
2026-09-05 21:30:24 [DEBUG] Window start 184, score=0.64
2026-09-05 21:30:24 [DEBUG] Window start 196, score=0.51
2026-09-05 21:30:24 [DEBUG] Window start 221, score=0.59
2026-09-05 21:30:24 [DEBUG] Window start 232, score=0.64
2026-09-05 21:30:24 [DEBUG] Window start 233, score=0.57
2026-09-05 21:30:24 [DEBUG] Window start 241, score=0.57
2026-09-05 21:30:24 [DEBUG] Window start 243, score=0.53
2026-09-05 21:30:24 [DEBUG] Window start 246, score=0.59
2026-09-05 21:30:24 [DEBUG] Window start 260, score=0.62
2026-09-05 21:30:24 [DEBUG] Window start 261, score=0.71
2026-09-05 21:30:24 [DEBUG] Window start 274, score=0.57
2026-09-05 21:30:24 [DEBUG] Window start 276, score=0.53
2026-09-05 21:30:24 [DEBUG] Window start 277, score=0.57
2026-09-05 21:30:24 [DEBUG] Window start 279, score=0.59
2026-09-05 21:30:24 [DEBUG] Window start 287, score=0.53
2026-09-05 21:30:24 [DEBUG] Window start 291, score=0.61
2026-09-05 21:30:24 [DEBUG] Window start 293, score=0.53
2026-09-05 21:30:24 [DEBUG] Window start 294, score=0.56
2026-09-05 21:30:24 [DEBUG] Window start 302, score=0.53
2026-09-05 21:30:24 [DEBUG] Window start 303, score=0.56
2026-09-05 21:30:24 [DEBUG] Window start 315, score=0.72
2026-09-05 21:30:24 [DEBUG] Window start 317, score=0.62
2026-09-05 21:30:24 [DEBUG] Window start 323, score=0.65
2026-09-05 21:30:24 [DEBUG] Window start 327, score=0.51
2026-09-05 21:30:24 [DEBUG] Window start 335, score=0.56
2026-09-05 21:30:24 [DEBUG] Window start 341, score=0.53
2026-09-05 21:30:24 [DEBUG] Window start 349, score=0.59
2026-09-05 21:30:24 [DEBUG] Window start 350, score=0.52
2026-09-05 21:30:24 [DEBUG] Window start 380, score=0.78
2026-09-05 21:30:24 [DEBUG] Window start 386, score=0.62
2026-09-05 21:30:24 [DEBUG] Window start 387, score=0.63
2026-09-05 21:30:24 [DEBUG] Window start 400, score=0.63
2026-09-05 21:30:24 [DEBUG] Window start 409, score=0.57
2026-09-05 21:30:24 [DEBUG] Window start 410, score=0.59
2026-09-05 21:30:24 [DEBUG] Window start 411, score=0.56
2026-09-05 21:30:24 [DEBUG] Window start 412, score=0.57
2026-09-05 21:30:24 [DEBUG] Window start 415, score=0.57
2026-09-05 21:30:24 [DEBUG] Window start 416, score=0.63
2026-09-05 21:30:24 [DEBUG] Window start 420, score=0.56
2026-09-05 21:30:24 [DEBUG] Window start 424, score=0.55
2026-09-05 21:30:24 [DEBUG] Window start 427, score=0.51
2026-09-05 21:30:24 [DEBUG] Window start 438, score=0.64
2026-09-05 21:30:24 [DEBUG] Window start 456, score=0.56
2026-09-05 21:30:24 [DEBUG] Window start 467, score=0.56
2026-09-05 21:30:24 [DEBUG] Window start 499, score=0.80
2026-09-05 21:30:24 [DEBUG] Window start 532, score=0.52
2026-09-05 21:30:24 [DEBUG] Window start 533, score=0.54
2026-09-05 21:30:24 [DEBUG] Window start 541, score=0.62
2026-09-05 21:30:24 [DEBUG] Window start 543, score=0.67
2026-09-05 21:30:24 [DEBUG] Window start 555, score=0.56
2026-09-05 21:30:24 [DEBUG] Window start 558, score=0.59
2026-09-05 21:30:24 [DEBUG] Window start 559, score=0.58
2026-09-05 21:30:24 [DEBUG] Window start 560, score=0.52
2026-09-05 21:30:24 [DEBUG] Window start 563, score=0.58
2026-09-05 21:30:24 [DEBUG] Window start 564, score=0.53
2026-09-05 21:30:24 [DEBUG] Window start 565, score=0.63
2026-09-05 21:30:24 [DEBUG] Window start 566, score=0.83
2026-09-05 21:30:24 [DEBUG] Window start 568, score=0.51
2026-09-05 21:30:24 [DEBUG] Window start 569, score=0.53
2026-09-05 21:30:24 [DEBUG] Window start 582, score=0.80
2026-09-05 21:30:24 [DEBUG] Window start 589, score=0.59
2026-09-05 21:30:24 [DEBUG] Window start 625, score=0.62
2026-09-05 21:30:24 [DEBUG] Window start 626, score=0.52
2026-09-05 21:30:24 [DEBUG] Window start 627, score=0.52
2026-09-05 21:30:24 [DEBUG] Window start 628, score=0.62
2026-09-05 21:30:24 [DEBUG] Window start 629, score=0.52
2026-09-05 21:30:24 [DEBUG] Window start 630, score=0.53
2026-09-05 21:30:24 [DEBUG] Window start 643, score=0.74
2026-09-05 21:30:24 [DEBUG] Window start 652, score=0.57
2026-09-05 21:30:24 [DEBUG] Window start 666, score=0.51
2026-09-05 21:30:24 [DEBUG] Window start 697, score=0.57
2026-09-05 21:30:24 [DEBUG] Window start 730, score=0.55
2026-09-05 21:30:24 [DEBUG] Window start 739, score=0.70
2026-09-05 21:30:24 [DEBUG] Window start 741, score=0.64
2026-09-05 21:30:24 [DEBUG] Window start 743, score=0.62
2026-09-05 21:30:24 [DEBUG] Window start 745, score=0.56
2026-09-05 21:30:24 [DEBUG] Window start 747, score=0.62
2026-09-05 21:30:24 [DEBUG] Window start 749, score=0.60
2026-09-05 21:30:24 [DEBUG] Window start 751, score=0.62
2026-09-05 21:30:24 [DEBUG] Window start 753, score=0.60
2026-09-05 21:30:24 [DEBUG] Window start 755, score=0.56
2026-09-05 21:30:24 [DEBUG] Window start 758, score=0.58
2026-09-05 21:30:24 [DEBUG] Window start 775, score=0.63
2026-09-05 21:30:24 [DEBUG] Window start 778, score=0.69
2026-09-05 21:30:24 [DEBUG] Window start 779, score=0.57
2026-09-05 21:30:24 [DEBUG] Window start 781, score=0.56
2026-09-05 21:30:24 [DEBUG] Window start 800, score=0.80
2026-09-05 21:30:24 [DEBUG] Window start 801, score=0.53
2026-09-05 21:30:24 [DEBUG] Window start 802, score=0.53
2026-09-05 21:30:24 [DEBUG] Window start 810, score=0.54
2026-09-05 21:30:24 [DEBUG] Window start 811, score=0.54
2026-09-05 21:30:24 [DEBUG] Window start 817, score=0.56
2026-09-05 21:30:24 [DEBUG] Window start 818, score=0.72
2026-09-05 21:30:24 [DEBUG] Window start 820, score=0.62
2026-09-05 21:30:24 [DEBUG] Window start 828, score=0.55
2026-09-05 21:30:24 [DEBUG] Window start 829, score=0.60
2026-09-05 21:30:24 [DEBUG] Window start 845, score=0.64
2026-09-05 21:30:24 [DEBUG] Window start 848, score=0.76
2026-09-05 21:30:24 [DEBUG] Window start 849, score=0.64
2026-09-05 21:30:24 [WARNING] Match ditemukan dengan skor rendah (0.80). Verifikasi manual.
2026-09-05 21:30:24 [INFO] Match found: start=499, end=500, score=0.80
2026-09-05 21:30:24 [DEBUG] js/pages/stocks.js: anchor '/  ─── Compare modal ─── */...' → baris 499-500 (segmen 484-515)
2026-09-05 21:30:24 [DEBUG]    484:     const sectorBadge = s.sector ? StockSectorBadge(s.sector, true) : null;
2026-09-05 21:30:24 [DEBUG]    485:     const delistedBadge = s.isDelisted || s.isBlacklisted
2026-09-05 21:30:24 [DEBUG]    486:       ? DelistedBadge({ labelDelisted: s.labelDelisted, stockStatus: s.stockStatus, statusReason: s.statusReason, small: true })
2026-09-05 21:30:24 [DEBUG]    487:       : null;
2026-09-05 21:30:24 [DEBUG]    488:     return `
2026-09-05 21:30:24 [DEBUG]    489:       <div class="stocks-page__result-item" data-ticker="${s.ticker}" style="padding:var(--s-2) var(--s-3);cursor:pointer;display:flex;align-items:center;gap:var(--s-2);border-bottom:1px solid var(--c-border);" onmouseover="this.style.background='var(--c-surface-2)'" onmouseout="this.style.background='transparent'">
2026-09-05 21:30:24 [DEBUG]    490:         <span style="color:var(--c-accent);flex-shrink:0;">${icons['trending-up']}</span>
2026-09-05 21:30:24 [DEBUG]    491:         <div style="flex:1;min-width:0;">
2026-09-05 21:30:24 [DEBUG]    492:           <div style="display:flex;align-items:center;gap:var(--s-1);flex-wrap:wrap;">
2026-09-05 21:30:24 [DEBUG]    493:             <span style="font-weight:600;font-size:var(--text-sm);">${s.ticker}</span>
2026-09-05 21:30:24 [DEBUG]    494:             ${sectorBadge ? sectorBadge.outerHTML : ''}
2026-09-05 21:30:24 [DEBUG]    495:             ${delistedBadge ? delistedBadge.outerHTML : ''}
2026-09-05 21:30:24 [DEBUG]    496:           </div>
2026-09-05 21:30:24 [DEBUG]    497:           <div style="font-size:var(--text-xs);color:var(--c-text-3);overflow:hidden;text-overflow:ellipsis;white-space:nowrap;">${s.companyName}</div>
2026-09-05 21:30:24 [DEBUG]    498:         </div>
2026-09-05 21:30:24 [DEBUG]    499:       </div>`;
2026-09-05 21:30:24 [DEBUG]    500:   }).join('');
2026-09-05 21:30:24 [DEBUG]    501:   dd.querySelectorAll('.stocks-page__result-item').forEach(item => {
2026-09-05 21:30:24 [DEBUG]    502:     on(item, 'click', () => { state.searchTerm = item.dataset.ticker; refs.searchInput.value = item.dataset.ticker; loadAnalysis(item.dataset.ticker); });
2026-09-05 21:30:24 [DEBUG]    503:   });
2026-09-05 21:30:24 [DEBUG]    504: }
2026-09-05 21:30:24 [DEBUG]    505: 
2026-09-05 21:30:24 [DEBUG]    506: /* ─── Render: Compare bar ─── */
2026-09-05 21:30:24 [DEBUG]    507: function renderCompareBar() {
2026-09-05 21:30:24 [DEBUG]    508:   let el = refs.compareBar;
2026-09-05 21:30:24 [DEBUG]    509:   if (!state.analysis) { if (el) { el.remove(); refs.compareBar = null; } return; }
2026-09-05 21:30:24 [DEBUG]    510:   if (!el) {
2026-09-05 21:30:24 [DEBUG]    511:     el = createEl('div', { class: 'stocks-page__compare-bar', style: { marginTop: 'var(--s-3)' } });
2026-09-05 21:30:24 [DEBUG]    512:     refs.compareBar = el;
2026-09-05 21:30:24 [DEBUG]    513:     rootEl.insertBefore(el, refs.analysisContainer || null);
2026-09-05 21:30:24 [DEBUG]    514:   }
2026-09-05 21:30:24 [DEBUG]    515:   let html = `<div style="display:flex;align-items:center;gap:var(--s-2);flex-wrap:wrap;">
2026-09-05 21:30:24 [DEBUG]    516:     <span style="font-size:var(--text-xs);font-weight:600;color:var(--c-text-3);display:flex;align-items:center;gap:var(--s-1);">
2026-09-05 21:30:24 [DEBUG] Anchor original (100 char): async function loadAnalysis(ticker) {
  const t = ticker.toUpperCase();
  state.loading = true; stat...
2026-09-05 21:30:24 [DEBUG] Anchor normalized: async function loadAnalysis(ticker) { const t = ticker.toUpperCase(); state.loading = true; state.searchResults = []; state.selectedTicker = t; state.analysis = null; updateUI();...
2026-09-05 21:30:24 [DEBUG] Anchor fingerprint (first 20): [5, 8, 12, 0, 6, 0, 0, 5, 1, 0, 6, 0, 11, 0, 0, 0, 5, 0, 7, 0] ... (total 45 tokens)
2026-09-05 21:30:24 [DEBUG] Window start 5, score=0.55
2026-09-05 21:30:24 [DEBUG] Window start 8, score=0.54
2026-09-05 21:30:24 [DEBUG] Window start 13, score=0.51
2026-09-05 21:30:24 [DEBUG] Window start 20, score=0.57
2026-09-05 21:30:24 [DEBUG] Window start 22, score=0.51
2026-09-05 21:30:24 [DEBUG] Window start 23, score=0.53
2026-09-05 21:30:24 [DEBUG] Window start 43, score=0.53
2026-09-05 21:30:24 [DEBUG] Window start 44, score=0.52
2026-09-05 21:30:24 [DEBUG] Window start 45, score=0.52
2026-09-05 21:30:24 [DEBUG] Window start 58, score=0.54
2026-09-05 21:30:24 [DEBUG] Window start 63, score=0.51
2026-09-05 21:30:24 [DEBUG] Window start 69, score=0.51
2026-09-05 21:30:24 [DEBUG] Window start 82, score=0.51
2026-09-05 21:30:24 [DEBUG] Window start 85, score=0.54
2026-09-05 21:30:24 [DEBUG] Window start 100, score=0.54
2026-09-05 21:30:24 [DEBUG] Window start 101, score=0.62
2026-09-05 21:30:24 [DEBUG] Window start 102, score=0.60
2026-09-05 21:30:24 [DEBUG] Window start 113, score=0.52
2026-09-05 21:30:24 [DEBUG] Window start 117, score=0.52
2026-09-05 21:30:24 [DEBUG] Window start 133, score=0.55
2026-09-05 21:30:24 [DEBUG] Window start 134, score=0.54
2026-09-05 21:30:24 [DEBUG] Window start 138, score=0.53
2026-09-05 21:30:24 [DEBUG] Window start 150, score=0.57
2026-09-05 21:30:24 [DEBUG] Window start 151, score=0.56
2026-09-05 21:30:24 [DEBUG] Window start 182, score=0.53
2026-09-05 21:30:24 [DEBUG] Window start 197, score=0.55
2026-09-05 21:30:24 [DEBUG] Window start 206, score=0.55
2026-09-05 21:30:24 [DEBUG] Window start 257, score=0.60
2026-09-05 21:30:24 [DEBUG] Window start 258, score=0.59
2026-09-05 21:30:24 [DEBUG] Window start 259, score=0.58
2026-09-05 21:30:24 [DEBUG] Window start 260, score=0.54
2026-09-05 21:30:24 [DEBUG] Window start 269, score=0.51
2026-09-05 21:30:24 [DEBUG] Window start 276, score=0.52
2026-09-05 21:30:24 [DEBUG] Window start 286, score=0.51
2026-09-05 21:30:24 [DEBUG] Window start 288, score=0.53
2026-09-05 21:30:24 [DEBUG] Window start 289, score=0.50
2026-09-05 21:30:24 [DEBUG] Window start 294, score=0.51
2026-09-05 21:30:24 [DEBUG] Window start 297, score=0.51
2026-09-05 21:30:24 [DEBUG] Window start 303, score=0.53
2026-09-05 21:30:24 [DEBUG] Window start 304, score=0.51
2026-09-05 21:30:24 [DEBUG] Window start 312, score=0.60
2026-09-05 21:30:24 [DEBUG] Window start 313, score=0.51
2026-09-05 21:30:24 [DEBUG] Window start 317, score=0.57
2026-09-05 21:30:24 [DEBUG] Window start 319, score=0.51
2026-09-05 21:30:24 [DEBUG] Window start 320, score=0.64
2026-09-05 21:30:24 [DEBUG] Window start 321, score=0.68
2026-09-05 21:30:24 [DEBUG] Window start 322, score=0.67
2026-09-05 21:30:24 [DEBUG] Window start 329, score=0.51
2026-09-05 21:30:24 [DEBUG] Window start 332, score=0.64
2026-09-05 21:30:24 [DEBUG] Window start 333, score=0.63
2026-09-05 21:30:24 [DEBUG] Window start 334, score=0.64
2026-09-05 21:30:24 [DEBUG] Window start 335, score=0.55
2026-09-05 21:30:24 [DEBUG] Window start 337, score=0.86
2026-09-05 21:30:24 [DEBUG] Window start 338, score=0.95
2026-09-05 21:30:24 [DEBUG] Window start 339, score=1.00
2026-09-05 21:30:24 [DEBUG] Window start 340, score=0.89
2026-09-05 21:30:24 [DEBUG] Window start 341, score=0.54
2026-09-05 21:30:24 [DEBUG] Window start 350, score=0.53
2026-09-05 21:30:24 [DEBUG] Window start 355, score=0.64
2026-09-05 21:30:24 [DEBUG] Window start 356, score=0.68
2026-09-05 21:30:24 [DEBUG] Window start 357, score=0.71
2026-09-05 21:30:24 [DEBUG] Window start 358, score=0.61
2026-09-05 21:30:24 [DEBUG] Window start 368, score=0.53
2026-09-05 21:30:24 [DEBUG] Window start 371, score=0.66
2026-09-05 21:30:24 [DEBUG] Window start 372, score=0.68
2026-09-05 21:30:24 [DEBUG] Window start 373, score=0.57
2026-09-05 21:30:24 [DEBUG] Window start 380, score=0.56
2026-09-05 21:30:24 [DEBUG] Window start 392, score=0.59
2026-09-05 21:30:24 [DEBUG] Window start 393, score=0.55
2026-09-05 21:30:24 [DEBUG] Window start 394, score=0.55
2026-09-05 21:30:24 [DEBUG] Window start 395, score=0.63
2026-09-05 21:30:24 [DEBUG] Window start 396, score=0.55
2026-09-05 21:30:24 [DEBUG] Window start 401, score=0.54
2026-09-05 21:30:24 [DEBUG] Window start 402, score=0.50
2026-09-05 21:30:24 [DEBUG] Window start 409, score=0.55
2026-09-05 21:30:24 [DEBUG] Window start 413, score=0.51
2026-09-05 21:30:24 [DEBUG] Window start 421, score=0.53
2026-09-05 21:30:24 [DEBUG] Window start 422, score=0.51
2026-09-05 21:30:24 [DEBUG] Window start 428, score=0.51
2026-09-05 21:30:24 [DEBUG] Window start 429, score=0.51
2026-09-05 21:30:24 [DEBUG] Window start 435, score=0.51
2026-09-05 21:30:24 [DEBUG] Window start 449, score=0.51
2026-09-05 21:30:24 [DEBUG] Window start 450, score=0.54
2026-09-05 21:30:24 [DEBUG] Window start 483, score=0.53
2026-09-05 21:30:24 [DEBUG] Window start 500, score=0.54
2026-09-05 21:30:24 [DEBUG] Window start 538, score=0.52
2026-09-05 21:30:24 [DEBUG] Window start 631, score=0.51
2026-09-05 21:30:24 [DEBUG] Window start 632, score=0.50
2026-09-05 21:30:24 [DEBUG] Window start 700, score=0.52
2026-09-05 21:30:24 [DEBUG] Window start 716, score=0.58
2026-09-05 21:30:24 [DEBUG] Window start 724, score=0.54
2026-09-05 21:30:24 [DEBUG] Window start 727, score=0.51
2026-09-05 21:30:24 [DEBUG] Window start 728, score=0.52
2026-09-05 21:30:24 [DEBUG] Window start 729, score=0.59
2026-09-05 21:30:24 [DEBUG] Window start 730, score=0.59
2026-09-05 21:30:24 [DEBUG] Window start 731, score=0.52
2026-09-05 21:30:24 [DEBUG] Window start 733, score=0.51
2026-09-05 21:30:24 [DEBUG] Window start 738, score=0.52
2026-09-05 21:30:25 [DEBUG] Window start 762, score=0.56
2026-09-05 21:30:25 [DEBUG] Window start 767, score=0.50
2026-09-05 21:30:25 [DEBUG] Window start 799, score=0.68
2026-09-05 21:30:25 [DEBUG] Window start 800, score=0.59
2026-09-05 21:30:25 [DEBUG] Window start 801, score=0.51
2026-09-05 21:30:25 [DEBUG] Window start 806, score=0.55
2026-09-05 21:30:25 [DEBUG] Window start 807, score=0.62
2026-09-05 21:30:25 [DEBUG] Window start 814, score=0.56
2026-09-05 21:30:25 [DEBUG] Window start 815, score=0.65
2026-09-05 21:30:25 [DEBUG] Window start 816, score=0.56
2026-09-05 21:30:25 [DEBUG] Window start 817, score=0.51
2026-09-05 21:30:25 [DEBUG] Window start 825, score=0.50
2026-09-05 21:30:25 [DEBUG] Window start 826, score=0.52
2026-09-05 21:30:25 [DEBUG] Window start 827, score=0.51
2026-09-05 21:30:25 [DEBUG] Window start 841, score=0.56
2026-09-05 21:30:25 [DEBUG] Window start 842, score=0.51
2026-09-05 21:30:25 [WARNING] Match ditemukan dengan skor rendah (0.86). Verifikasi manual.
2026-09-05 21:30:25 [INFO] Match found: start=337, end=342, score=0.86
2026-09-05 21:30:25 [DEBUG] js/pages/stocks.js: anchor 'async function loadAnalysis(ticker) {
  const t = ...' → baris 337-342 (segmen 322-357)
2026-09-05 21:30:25 [DEBUG]    322: /* ─── API ─── */
2026-09-05 21:30:25 [DEBUG]    323: async function doSearch(q) {
2026-09-05 21:30:25 [DEBUG]    324:   if (!q.trim()) { state.searchResults = []; return; }
2026-09-05 21:30:25 [DEBUG]    325:   state.searching = true;
2026-09-05 21:30:25 [DEBUG]    326:   renderSearchDropdown();
2026-09-05 21:30:25 [DEBUG]    327:   try {
2026-09-05 21:30:25 [DEBUG]    328:     const res = await Api.get('/idx/stocks', { q, limit: 8 });
2026-09-05 21:30:25 [DEBUG]    329:     let list = [];
2026-09-05 21:30:25 [DEBUG]    330:     if (Array.isArray(res)) {
2026-09-05 21:30:25 [DEBUG]    331:       list = res;
2026-09-05 21:30:25 [DEBUG]    332:     } else if (res && Array.isArray(res.stocks)) {
2026-09-05 21:30:25 [DEBUG]    333:       list = res.stocks;
2026-09-05 21:30:25 [DEBUG]    334:     }
2026-09-05 21:30:25 [DEBUG]    335:     state.searchResults = list.map(d => new StockListItem(d));
2026-09-05 21:30:25 [DEBUG]    336:   } catch (_) { state.searchResults = []; }
2026-09-05 21:30:25 [DEBUG]    337:   finally { state.searching = false; renderSearchDropdown(); }
2026-09-05 21:30:25 [DEBUG]    338: }
2026-09-05 21:30:25 [DEBUG]    339: 
2026-09-05 21:30:25 [DEBUG]    340: async function loadAnalysis(ticker) {
2026-09-05 21:30:25 [DEBUG]    341:   const t = ticker.toUpperCase();
2026-09-05 21:30:25 [DEBUG]    342:   state.loading = true; state.searchResults = []; state.selectedTicker = t;
2026-09-05 21:30:25 [DEBUG]    343:   state.analysis = null;
2026-09-05 21:30:25 [DEBUG]    344:   updateUI();
2026-09-05 21:30:25 [DEBUG]    345:   try {
2026-09-05 21:30:25 [DEBUG]    346:     const res = await Api.get(`/idx/stocks/${t}/analysis`, { days: state.days });
2026-09-05 21:30:25 [DEBUG]    347:     state.analysis = new StockAnalysis(res);
2026-09-05 21:30:25 [DEBUG]    348:     for (const ct of state.compareTickers) { await refreshCompare(ct); }
2026-09-05 21:30:25 [DEBUG]    349:   } catch (e) {
2026-09-05 21:30:25 [DEBUG]    350:     toast('Gagal memuat analisis: ' + (e.message || e), 'danger');
2026-09-05 21:30:25 [DEBUG]    351:     console.error('[Stocks] Analysis error:', e);
2026-09-05 21:30:25 [DEBUG]    352:   } finally {
2026-09-05 21:30:25 [DEBUG]    353:     state.loading = false;
2026-09-05 21:30:25 [DEBUG]    354:     renderAnalysis();
2026-09-05 21:30:25 [DEBUG]    355:   }
2026-09-05 21:30:25 [DEBUG]    356: }
2026-09-05 21:30:25 [DEBUG]    357: 
2026-09-05 21:30:25 [DEBUG]    358: async function addCompare(ticker) {
2026-09-05 21:30:25 [DEBUG] Anchor original (100 char): renderCompareBar();...
2026-09-05 21:30:25 [DEBUG] Anchor normalized: renderCompareBar();...
2026-09-05 21:30:25 [DEBUG] Anchor fingerprint (first 20): [16, 0, 0, 0] ... (total 4 tokens)
2026-09-05 21:30:25 [DEBUG] Window start 82, score=0.67
2026-09-05 21:30:25 [DEBUG] Window start 86, score=0.57
2026-09-05 21:30:25 [DEBUG] Window start 90, score=0.57
2026-09-05 21:30:25 [DEBUG] Window start 97, score=0.86
2026-09-05 21:30:25 [DEBUG] Window start 98, score=0.60
2026-09-05 21:30:25 [DEBUG] Window start 106, score=0.57
2026-09-05 21:30:25 [DEBUG] Window start 112, score=0.86
2026-09-05 21:30:25 [DEBUG] Window start 120, score=0.57
2026-09-05 21:30:25 [DEBUG] Window start 125, score=0.86
2026-09-05 21:30:25 [DEBUG] Window start 131, score=0.75
2026-09-05 21:30:25 [DEBUG] Window start 133, score=0.75
2026-09-05 21:30:25 [DEBUG] Window start 134, score=0.67
2026-09-05 21:30:25 [DEBUG] Window start 138, score=0.86
2026-09-05 21:30:25 [DEBUG] Window start 140, score=0.57
2026-09-05 21:30:25 [DEBUG] Window start 161, score=0.60
2026-09-05 21:30:25 [DEBUG] Window start 176, score=0.60
2026-09-05 21:30:25 [DEBUG] Window start 180, score=0.60
2026-09-05 21:30:25 [DEBUG] Window start 234, score=0.60
2026-09-05 21:30:25 [DEBUG] Window start 235, score=0.55
2026-09-05 21:30:25 [DEBUG] Window start 237, score=0.86
2026-09-05 21:30:25 [DEBUG] Window start 245, score=0.60
2026-09-05 21:30:25 [DEBUG] Window start 246, score=0.60
2026-09-05 21:30:25 [DEBUG] Window start 248, score=0.86
2026-09-05 21:30:25 [DEBUG] Window start 255, score=0.57
2026-09-05 21:30:25 [DEBUG] Window start 256, score=0.55
2026-09-05 21:30:25 [DEBUG] Window start 258, score=0.57
2026-09-05 21:30:25 [DEBUG] Window start 259, score=0.57
2026-09-05 21:30:25 [DEBUG] Window start 262, score=0.67
2026-09-05 21:30:25 [DEBUG] Window start 263, score=0.67
2026-09-05 21:30:25 [DEBUG] Window start 264, score=0.67
2026-09-05 21:30:25 [DEBUG] Window start 265, score=0.67
2026-09-05 21:30:25 [DEBUG] Window start 266, score=0.60
2026-09-05 21:30:25 [DEBUG] Window start 267, score=0.55
2026-09-05 21:30:25 [DEBUG] Window start 269, score=0.86
2026-09-05 21:30:25 [DEBUG] Window start 278, score=0.60
2026-09-05 21:30:25 [DEBUG] Window start 279, score=0.60
2026-09-05 21:30:25 [DEBUG] Window start 281, score=0.86
2026-09-05 21:30:25 [DEBUG] Window start 292, score=0.67
2026-09-05 21:30:25 [DEBUG] Window start 295, score=0.67
2026-09-05 21:30:25 [DEBUG] Window start 298, score=0.86
2026-09-05 21:30:25 [DEBUG] Window start 307, score=0.86
2026-09-05 21:30:25 [DEBUG] Window start 308, score=0.86
2026-09-05 21:30:25 [DEBUG] Window start 309, score=0.60
2026-09-05 21:30:25 [DEBUG] Window start 318, score=0.67
2026-09-05 21:30:25 [DEBUG] Window start 319, score=0.67
2026-09-05 21:30:25 [DEBUG] Window start 324, score=0.60
2026-09-05 21:30:25 [DEBUG] Window start 325, score=0.75
2026-09-05 21:30:25 [DEBUG] Window start 328, score=0.60
2026-09-05 21:30:25 [DEBUG] Window start 332, score=0.60
2026-09-05 21:30:25 [DEBUG] Window start 342, score=0.60
2026-09-05 21:30:25 [DEBUG] Window start 343, score=0.75
2026-09-05 21:30:25 [DEBUG] Window start 351, score=0.57
2026-09-05 21:30:25 [DEBUG] Window start 352, score=0.60
2026-09-05 21:30:25 [DEBUG] Window start 353, score=0.75
2026-09-05 21:30:25 [DEBUG] Window start 360, score=0.60
2026-09-05 21:30:25 [DEBUG] Window start 361, score=1.00
2026-09-05 21:30:25 [DEBUG] Window start 368, score=0.60
2026-09-05 21:30:25 [DEBUG] Window start 380, score=0.55
2026-09-05 21:30:25 [DEBUG] Window start 387, score=0.67
2026-09-05 21:30:25 [DEBUG] Window start 392, score=0.60
2026-09-05 21:30:25 [DEBUG] Window start 394, score=0.67
2026-09-05 21:30:25 [DEBUG] Window start 396, score=0.55
2026-09-05 21:30:25 [DEBUG] Window start 399, score=0.67
2026-09-05 21:30:25 [DEBUG] Window start 404, score=0.67
2026-09-05 21:30:25 [DEBUG] Window start 413, score=0.86
2026-09-05 21:30:25 [DEBUG] Window start 418, score=0.86
2026-09-05 21:30:25 [DEBUG] Window start 425, score=0.57
2026-09-05 21:30:25 [DEBUG] Window start 431, score=0.86
2026-09-05 21:30:25 [DEBUG] Window start 433, score=0.60
2026-09-05 21:30:25 [DEBUG] Window start 434, score=0.60
2026-09-05 21:30:25 [DEBUG] Window start 440, score=0.86
2026-09-05 21:30:25 [DEBUG] Window start 444, score=0.57
2026-09-05 21:30:25 [DEBUG] Window start 450, score=0.86
2026-09-05 21:30:25 [DEBUG] Window start 454, score=0.86
2026-09-05 21:30:25 [DEBUG] Window start 455, score=0.60
2026-09-05 21:30:25 [DEBUG] Window start 460, score=0.67
2026-09-05 21:30:25 [DEBUG] Window start 468, score=0.86
2026-09-05 21:30:25 [DEBUG] Window start 472, score=0.67
2026-09-05 21:30:25 [DEBUG] Window start 473, score=0.55
2026-09-05 21:30:25 [DEBUG] Window start 474, score=0.55
2026-09-05 21:30:25 [DEBUG] Window start 486, score=0.57
2026-09-05 21:30:25 [DEBUG] Window start 495, score=0.75
2026-09-05 21:30:25 [DEBUG] Window start 497, score=0.75
2026-09-05 21:30:25 [DEBUG] Window start 498, score=0.60
2026-09-05 21:30:25 [DEBUG] Window start 502, score=0.86
2026-09-05 21:30:25 [DEBUG] Window start 506, score=0.89
2026-09-05 21:30:25 [DEBUG] Window start 507, score=0.55
2026-09-05 21:30:25 [DEBUG] Window start 509, score=0.60
2026-09-05 21:30:25 [DEBUG] Window start 511, score=0.60
2026-09-05 21:30:25 [DEBUG] Window start 518, score=0.75
2026-09-05 21:30:25 [DEBUG] Window start 520, score=0.60
2026-09-05 21:30:25 [DEBUG] Window start 527, score=0.86
2026-09-05 21:30:25 [DEBUG] Window start 531, score=0.60
2026-09-05 21:30:25 [DEBUG] Window start 536, score=0.86
2026-09-05 21:30:25 [DEBUG] Window start 540, score=0.89
2026-09-05 21:30:25 [DEBUG] Window start 545, score=0.86
2026-09-05 21:30:25 [DEBUG] Window start 548, score=0.86
2026-09-05 21:30:25 [DEBUG] Window start 554, score=0.67
2026-09-05 21:30:25 [DEBUG] Window start 580, score=0.75
2026-09-05 21:30:25 [DEBUG] Window start 581, score=0.60
2026-09-05 21:30:25 [DEBUG] Window start 585, score=0.86
2026-09-05 21:30:25 [DEBUG] Window start 587, score=0.67
2026-09-05 21:30:25 [DEBUG] Window start 588, score=0.86
2026-09-05 21:30:25 [DEBUG] Window start 589, score=0.60
2026-09-05 21:30:25 [DEBUG] Window start 593, score=0.67
2026-09-05 21:30:25 [DEBUG] Window start 594, score=0.55
2026-09-05 21:30:25 [DEBUG] Window start 595, score=0.60
2026-09-05 21:30:25 [DEBUG] Window start 597, score=0.60
2026-09-05 21:30:25 [DEBUG] Window start 603, score=0.60
2026-09-05 21:30:25 [DEBUG] Window start 604, score=0.75
2026-09-05 21:30:25 [DEBUG] Window start 608, score=0.67
2026-09-05 21:30:25 [DEBUG] Window start 609, score=0.55
2026-09-05 21:30:25 [DEBUG] Window start 610, score=0.60
2026-09-05 21:30:25 [DEBUG] Window start 612, score=0.60
2026-09-05 21:30:25 [DEBUG] Window start 617, score=0.75
2026-09-05 21:30:25 [DEBUG] Window start 620, score=0.55
2026-09-05 21:30:25 [DEBUG] Window start 621, score=0.55
2026-09-05 21:30:25 [DEBUG] Window start 622, score=0.55
2026-09-05 21:30:25 [DEBUG] Window start 630, score=0.75
2026-09-05 21:30:25 [DEBUG] Window start 632, score=0.55
2026-09-05 21:30:25 [DEBUG] Window start 644, score=0.75
2026-09-05 21:30:25 [DEBUG] Window start 646, score=0.75
2026-09-05 21:30:25 [DEBUG] Window start 650, score=0.75
2026-09-05 21:30:25 [DEBUG] Window start 651, score=0.60
2026-09-05 21:30:25 [DEBUG] Window start 668, score=0.75
2026-09-05 21:30:25 [DEBUG] Window start 673, score=0.60
2026-09-05 21:30:25 [DEBUG] Window start 681, score=0.57
2026-09-05 21:30:25 [DEBUG] Window start 701, score=0.60
2026-09-05 21:30:25 [DEBUG] Window start 711, score=0.75
2026-09-05 21:30:25 [DEBUG] Window start 717, score=0.75
2026-09-05 21:30:25 [DEBUG] Window start 719, score=0.67
2026-09-05 21:30:25 [DEBUG] Window start 725, score=0.60
2026-09-05 21:30:25 [DEBUG] Window start 726, score=0.86
2026-09-05 21:30:25 [DEBUG] Window start 763, score=0.60
2026-09-05 21:30:25 [DEBUG] Window start 765, score=0.86
2026-09-05 21:30:25 [DEBUG] Window start 777, score=0.57
2026-09-05 21:30:25 [DEBUG] Window start 791, score=0.67
2026-09-05 21:30:25 [DEBUG] Window start 799, score=0.60
2026-09-05 21:30:25 [DEBUG] Window start 801, score=0.75
2026-09-05 21:30:25 [DEBUG] Window start 802, score=0.75
2026-09-05 21:30:25 [DEBUG] Window start 803, score=0.60
2026-09-05 21:30:25 [DEBUG] Window start 808, score=0.67
2026-09-05 21:30:25 [DEBUG] Window start 809, score=0.75
2026-09-05 21:30:25 [DEBUG] Window start 816, score=0.60
2026-09-05 21:30:25 [DEBUG] Window start 821, score=0.67
2026-09-05 21:30:25 [DEBUG] Window start 822, score=0.86
2026-09-05 21:30:25 [DEBUG] Window start 824, score=0.67
2026-09-05 21:30:25 [DEBUG] Window start 836, score=0.75
2026-09-05 21:30:25 [DEBUG] Window start 837, score=0.75
2026-09-05 21:30:25 [DEBUG] Window start 838, score=1.00
2026-09-05 21:30:25 [DEBUG] Window start 844, score=0.67
2026-09-05 21:30:25 [DEBUG] Window start 845, score=0.53
2026-09-05 21:30:25 [DEBUG] Window start 846, score=0.55
2026-09-05 21:30:25 [DEBUG] Window start 850, score=0.75
2026-09-05 21:30:25 [DEBUG] Window start 851, score=0.67
2026-09-05 21:30:25 [WARNING] Match ditemukan dengan skor rendah (0.86). Verifikasi manual.
2026-09-05 21:30:25 [INFO] Match found: start=97, end=98, score=0.86
2026-09-05 21:30:25 [DEBUG] js/pages/stocks.js: anchor 'renderCompareBar();...' → baris 97-98 (segmen 87-108)
2026-09-05 21:30:25 [DEBUG]    87: function StockSectorBadge(label, small = false) {
2026-09-05 21:30:25 [DEBUG]    88:   if (!label) return null;
2026-09-05 21:30:25 [DEBUG]    89:   const color = sectorColorFn(label);
2026-09-05 21:30:25 [DEBUG]    90:   const el = createEl('span', {
2026-09-05 21:30:25 [DEBUG]    91:     style: {
2026-09-05 21:30:25 [DEBUG]    92:       display: 'inline-flex', alignItems: 'center',
2026-09-05 21:30:25 [DEBUG]    93:       padding: small ? '1px 6px' : '3px 8px',
2026-09-05 21:30:25 [DEBUG]    94:       background: color + '26', border: `1px solid ${color}4D`,
2026-09-05 21:30:25 [DEBUG]    95:       borderRadius: '10px', fontSize: small ? 'var(--text-xs)' : 'var(--text-sm)',
2026-09-05 21:30:25 [DEBUG]    96:       fontWeight: 600, color: color, lineHeight: 1.4,
2026-09-05 21:30:25 [DEBUG]    97:     }
2026-09-05 21:30:25 [DEBUG]    98:   });
2026-09-05 21:30:25 [DEBUG]    99:   el.textContent = label;
2026-09-05 21:30:25 [DEBUG]    100:   return el;
2026-09-05 21:30:25 [DEBUG]    101: }
2026-09-05 21:30:25 [DEBUG]    102: 
2026-09-05 21:30:25 [DEBUG]    103: function DelistedBadge({ labelDelisted, stockStatus, statusReason, small = false }) {
2026-09-05 21:30:25 [DEBUG]    104:   const isBlacklisted = stockStatus === 'blacklist';
2026-09-05 21:30:25 [DEBUG]    105:   const isDelisted = labelDelisted === 1;
2026-09-05 21:30:25 [DEBUG]    106:   const el = createEl('span', {
2026-09-05 21:30:25 [DEBUG]    107:     style: {
2026-09-05 21:30:25 [DEBUG]    108:       display: 'inline-flex', alignItems: 'center', gap: '2px',
2026-09-05 21:30:25 [DEBUG]    109:       padding: small ? '1px 4px' : '2px 6px', borderRadius: '8px',
2026-09-05 21:30:25 [DEBUG] Anchor original (100 char): function buildCompareChartApex(container, primaryData, compareData, compareTickers, primaryTicker) {...
2026-09-05 21:30:25 [DEBUG] Anchor normalized: function buildCompareChartApex(container, primaryData, compareData, compareTickers, primaryTicker) { const opts = buildBaseOptions({ height: 300, type: 'line' }); opts.colors = COMPARE_COLORS; opts.st...
2026-09-05 21:30:25 [DEBUG] Anchor fingerprint (first 20): [8, 21, 0, 9, 0, 11, 0, 11, 0, 14, 0, 13, 0, 0, 5, 4, 0, 16, 0, 0] ... (total 330 tokens)
2026-09-05 21:30:25 [DEBUG] Window start 271, score=0.59
2026-09-05 21:30:25 [DEBUG] Window start 272, score=0.60
2026-09-05 21:30:25 [DEBUG] Window start 273, score=0.62
2026-09-05 21:30:25 [DEBUG] Window start 274, score=0.64
2026-09-05 21:30:25 [DEBUG] Window start 275, score=0.68
2026-09-05 21:30:25 [DEBUG] Window start 276, score=0.74
2026-09-05 21:30:25 [DEBUG] Window start 277, score=0.78
2026-09-05 21:30:25 [DEBUG] Window start 278, score=0.80
2026-09-05 21:30:25 [DEBUG] Window start 279, score=0.81
2026-09-05 21:30:25 [DEBUG] Window start 280, score=0.89
2026-09-05 21:30:25 [DEBUG] Window start 281, score=0.95
2026-09-05 21:30:25 [DEBUG] Window start 282, score=0.96
2026-09-05 21:30:25 [DEBUG] Window start 283, score=0.98
2026-09-05 21:30:25 [DEBUG] Window start 284, score=1.00
2026-09-05 21:30:25 [DEBUG] Window start 285, score=1.00
2026-09-05 21:30:26 [WARNING] Match ditemukan dengan skor rendah (0.81). Verifikasi manual.
2026-09-05 21:30:26 [INFO] Match found: start=279, end=306, score=0.81
2026-09-05 21:30:26 [DEBUG] js/pages/stocks.js: anchor 'function buildCompareChartApex(container, primaryD...' → baris 279-306 (segmen 249-336)
2026-09-05 21:30:26 [DEBUG]    249:   }];
2026-09-05 21:30:26 [DEBUG]    250:   return renderChart(container, opts);
2026-09-05 21:30:26 [DEBUG]    251: }
2026-09-05 21:30:26 [DEBUG]    252: 
2026-09-05 21:30:26 [DEBUG]    253: function buildForeignChartApex(container, data) {
2026-09-05 21:30:26 [DEBUG]    254:   const opts = buildBaseOptions({ height: 210, type: 'bar' });
2026-09-05 21:30:26 [DEBUG]    255:   opts.plotOptions = {
2026-09-05 21:30:26 [DEBUG]    256:     bar: {
2026-09-05 21:30:26 [DEBUG]    257:       columnWidth: '55%',
2026-09-05 21:30:26 [DEBUG]    258:       borderRadius: 0,
2026-09-05 21:30:26 [DEBUG]    259:       colors: {
2026-09-05 21:30:26 [DEBUG]    260:         ranges: [
2026-09-05 21:30:26 [DEBUG]    261:           { from: -Infinity, to: -0.0001, color: '#D94B4B' },
2026-09-05 21:30:26 [DEBUG]    262:           { from: 0, to: Infinity, color: '#00A86B' },
2026-09-05 21:30:26 [DEBUG]    263:         ],
2026-09-05 21:30:26 [DEBUG]    264:       },
2026-09-05 21:30:26 [DEBUG]    265:     },
2026-09-05 21:30:26 [DEBUG]    266:   };
2026-09-05 21:30:26 [DEBUG]    267:   opts.series = [{
2026-09-05 21:30:26 [DEBUG]    268:     name: 'Net Foreign',
2026-09-05 21:30:26 [DEBUG]    269:     data: data.filter(d => d.date && d.netForeign != null).map(d => ({ x: toTs(d.date), y: d.netForeign })),
2026-09-05 21:30:26 [DEBUG]    270:   }];
2026-09-05 21:30:26 [DEBUG]    271:   opts.tooltip.y = { formatter: (v) => (v >= 0 ? '+' : '') + fmtS(v) };
2026-09-05 21:30:26 [DEBUG]    272:   return renderChart(container, opts);
2026-09-05 21:30:26 [DEBUG]    273: }
2026-09-05 21:30:26 [DEBUG]    274: 
2026-09-05 21:30:26 [DEBUG]    275: function buildLineChartApex(container, data, color) {
2026-09-05 21:30:26 [DEBUG]    276:   const opts = buildBaseOptions({ height: 210, type: 'line' });
2026-09-05 21:30:26 [DEBUG]    277:   opts.colors = [color];
2026-09-05 21:30:26 [DEBUG]    278:   opts.stroke.width = 2.5;
2026-09-05 21:30:26 [DEBUG]    279:   opts.series = [{
2026-09-05 21:30:26 [DEBUG]    280:     name: 'Value',
2026-09-05 21:30:26 [DEBUG]    281:     data: data.filter(d => d.time && d.close != null).map(d => ({ x: toTs(d.time), y: d.close })),
2026-09-05 21:30:26 [DEBUG]    282:   }];
2026-09-05 21:30:26 [DEBUG]    283:   return renderChart(container, opts);
2026-09-05 21:30:26 [DEBUG]    284: }
2026-09-05 21:30:26 [DEBUG]    285: 
2026-09-05 21:30:26 [DEBUG]    286: function buildCompareChartApex(container, primaryData, compareData, compareTickers, primaryTicker) {
2026-09-05 21:30:26 [DEBUG]    287:   const opts = buildBaseOptions({ height: 300, type: 'line' });
2026-09-05 21:30:26 [DEBUG]    288:   opts.colors = COMPARE_COLORS;
2026-09-05 21:30:26 [DEBUG]    289:   opts.stroke.width = [2.5, 2, 2, 2, 2, 2, 2, 2];
2026-09-05 21:30:26 [DEBUG]    290:   opts.yaxis.labels.formatter = (v) => {
2026-09-05 21:30:26 [DEBUG]    291:     if (v == null) return '';
2026-09-05 21:30:26 [DEBUG]    292:     return v.toFixed(1) + '%';
2026-09-05 21:30:26 [DEBUG]    293:   };
2026-09-05 21:30:26 [DEBUG]    294:   const validPrimary = primaryData.filter(d => d.date && d.close != null);
2026-09-05 21:30:26 [DEBUG]    295:   const base1 = validPrimary[0]?.close || 1;
2026-09-05 21:30:26 [DEBUG]    296:   const series = [{
2026-09-05 21:30:26 [DEBUG]    297:     name: primaryTicker,
2026-09-05 21:30:26 [DEBUG]    298:     data: validPrimary.map(d => ({ x: toTs(d.date), y: ((d.close - base1) / base1) * 100 })),
2026-09-05 21:30:26 [DEBUG]    299:   }];
2026-09-05 21:30:26 [DEBUG]    300:   compareTickers.forEach((t) => {
2026-09-05 21:30:26 [DEBUG]    301:     const cd = compareData[t];
2026-09-05 21:30:26 [DEBUG]    302:     if (!cd || !cd.length) return;
2026-09-05 21:30:26 [DEBUG]    303:     const validCd = cd.filter(d => d.date && d.close != null);
2026-09-05 21:30:26 [DEBUG]    304:     const base = validCd[0]?.close || 1;
2026-09-05 21:30:26 [DEBUG]    305:     series.push({
2026-09-05 21:30:26 [DEBUG]    306:       name: t,
2026-09-05 21:30:26 [DEBUG]    307:       data: validCd.map(d => ({ x: toTs(d.date), y: ((d.close - base) / base) * 100 })),
2026-09-05 21:30:26 [DEBUG]    308:     });
2026-09-05 21:30:26 [DEBUG]    309:   });
2026-09-05 21:30:26 [DEBUG]    310:   opts.series = series;
2026-09-05 21:30:26 [DEBUG]    311:   return renderChart(container, opts);
2026-09-05 21:30:26 [DEBUG]    312: }
2026-09-05 21:30:26 [DEBUG]    313: 
2026-09-05 21:30:26 [DEBUG]    314: /* ─── State ─── */
2026-09-05 21:30:26 [DEBUG]    315: const state = {
2026-09-05 21:30:26 [DEBUG]    316:   searchTerm: '', searchResults: [], searching: false,
2026-09-05 21:30:26 [DEBUG]    317:   selectedTicker: '', days: 30, analysis: null, loading: false,
2026-09-05 21:30:26 [DEBUG]    318:   compareMode: false, compareTickers: [], compareData: {}, compareLoading: false,
2026-09-05 21:30:26 [DEBUG]    319:   charts: [],
2026-09-05 21:30:26 [DEBUG]    320: };
2026-09-05 21:30:26 [DEBUG]    321: 
2026-09-05 21:30:26 [DEBUG]    322: /* ─── API ─── */
2026-09-05 21:30:26 [DEBUG]    323: async function doSearch(q) {
2026-09-05 21:30:26 [DEBUG]    324:   if (!q.trim()) { state.searchResults = []; return; }
2026-09-05 21:30:26 [DEBUG]    325:   state.searching = true;
2026-09-05 21:30:26 [DEBUG]    326:   renderSearchDropdown();
2026-09-05 21:30:26 [DEBUG]    327:   try {
2026-09-05 21:30:26 [DEBUG]    328:     const res = await Api.get('/idx/stocks', { q, limit: 8 });
2026-09-05 21:30:26 [DEBUG]    329:     let list = [];
2026-09-05 21:30:26 [DEBUG]    330:     if (Array.isArray(res)) {
2026-09-05 21:30:26 [DEBUG]    331:       list = res;
2026-09-05 21:30:26 [DEBUG]    332:     } else if (res && Array.isArray(res.stocks)) {
2026-09-05 21:30:26 [DEBUG]    333:       list = res.stocks;
2026-09-05 21:30:26 [DEBUG]    334:     }
2026-09-05 21:30:26 [DEBUG]    335:     state.searchResults = list.map(d => new StockListItem(d));
2026-09-05 21:30:26 [DEBUG]    336:   } catch (_) { state.searchResults = []; }
2026-09-05 21:30:26 [DEBUG]    337:   finally { state.searching = false; renderSearchDropdown(); }
2026-09-05 21:30:26 [ERROR] ❌ ERROR pada js/pages/stocks.js: Patch 0 dan 1 overlap di file js/pages/stocks.js
2026-09-05 21:30:26 [INFO] [DRY-RUN] Selesai. Total 0 operasi akan diterapkan, 2 error.
